id,date,dnf,time,solving_method,device_model,user,inspection_time,timer_time,missing_turn,timer,session_name,session_ruleset,share_views,share_likes,share_comments,analysis_version,pickup_time,putdown_time,solving_time,slice_turns,face_turns,quarter_turns,turns_per_second,total_recognition_time,total_execution_time,step_0_time,step_0_recognition_time,step_0_execution_time,step_0_cumulative_time,step_0_slice_turns,step_0_face_turns,step_0_quarter_turns,step_0_turns_per_second,step_1_time,step_1_recognition_time,step_1_execution_time,step_1_cumulative_time,step_1_slice_turns,step_1_face_turns,step_1_quarter_turns,step_1_turns_per_second,step_2_time,step_2_recognition_time,step_2_execution_time,step_2_cumulative_time,step_2_slice_turns,step_2_face_turns,step_2_quarter_turns,step_2_turns_per_second,step_3_time,step_3_recognition_time,step_3_execution_time,step_3_cumulative_time,step_3_slice_turns,step_3_face_turns,step_3_quarter_turns,step_3_turns_per_second,step_4_time,step_4_recognition_time,step_4_execution_time,step_4_cumulative_time,step_4_slice_turns,step_4_face_turns,step_4_quarter_turns,step_4_turns_per_second,step_5_time,step_5_recognition_time,step_5_execution_time,step_5_cumulative_time,step_5_slice_turns,step_5_face_turns,step_5_quarter_turns,step_5_turns_per_second,step_6_time,step_6_recognition_time,step_6_execution_time,step_6_cumulative_time,step_6_slice_turns,step_6_face_turns,step_6_quarter_turns,step_6_turns_per_second,step_7_time,step_7_recognition_time,step_7_execution_time,step_7_cumulative_time,step_7_slice_turns,step_7_face_turns,step_7_quarter_turns,step_7_turns_per_second,step_8_time,step_8_recognition_time,step_8_execution_time,step_8_cumulative_time,step_8_slice_turns,step_8_face_turns,step_8_quarter_turns,step_8_turns_per_second,step_0_case,step_1_case,step_2_case,step_3_case,step_4_case,step_5_case,step_6_case,step_7_case,step_8_case
3f3d734b-74c3-4431-b658-778e927823e0,2025-08-02 10:20:05 UTC,False,21334,CFOP,Gan 12 UI Maglev,RandomForest,25886,21334,,,gan12,custom_rules,,,,8,0,0,21334,75,76,83,3.52,7119,14215,7368,0,7368,7368,16,16,17,2.17,0,0,0,7368,0,0,0,0.0,2856,1271,1585,10224,8,8,9,5.05,4335,2356,1979,14559,15,16,18,7.58,1280,676,604,15839,8,8,9,13.25,2415,1416,999,18254,12,12,13,12.01,3080,1400,1680,21334,16,16,17,9.52,,,,,,,,,,,,,,,,,,,,,,,,,
ba2a65f1-6d87-494f-bcac-132b29801ec1,2025-08-02 10:20:43 UTC,False,15108,CFOP,Gan 12 UI Maglev,RandomForest,12731,15108,,,gan12,custom_rules,,,,8,0,0,15108,54,56,65,3.57,7892,7216,1626,0,1626,1626,6,6,8,3.69,0,0,0,1626,0,0,0,0.0,1925,1200,725,3551,3,3,4,4.14,2503,1665,838,6054,9,9,9,10.74,3357,2286,1071,9411,8,8,11,7.47,1767,978,789,11178,10,11,11,12.67,3930,1763,2167,15108,18,19,22,8.31,,,,,,,,,,,,,,,,,,,,,,,,,
75bb6b49-9a89-4d7c-8c20-17d267e9dbdd,2025-08-02 10:21:31 UTC,False,17592,CFOP,Gan 12 UI Maglev,RandomForest,14210,17592,,,gan12,custom_rules,,,,8,0,0,17592,69,72,83,3.92,7297,10295,1948,0,1948,1948,6,6,7,3.08,1441,451,990,3389,7,7,8,7.07,3280,1983,1297,6669,7,8,9,5.4,3339,1079,2260,10008,14,14,16,6.19,2087,1242,845,12095,8,8,9,9.47,1853,1104,749,13948,10,11,12,13.35,3644,1438,2206,17592,17,18,22,7.71,,,,,,,,,,,,,,,,,,,,,,,,,
6e252c80-c6f5-4a95-aea7-b3721c7989b4,2025-08-02 10:22:35 UTC,False,14087,CFOP,Gan 12 UI Maglev,RandomForest,22916,14087,,,gan12,custom_rules,,,,8,0,0,14087,66,67,73,4.69,5422,8448,1805,0,1805,2022,5,6,7,2.77,1055,854,201,3077,4,4,5,19.9,2077,1378,699,5154,8,8,10,11.44,1467,492,975,6621,8,8,9,8.21,1660,894,766,8281,9,9,9,11.75,3429,660,2769,11710,18,18,18,6.5,2377,1144,1233,14087,14,14,15,11.35,,,,,,,,,,,,,,,,,,,,,,,,,
57c28ca7-afef-49de-9bbe-44799f795b58,2025-08-02 10:23:23 UTC,False,26931,CFOP,Gan 12 UI Maglev,RandomForest,9632,26931,,,gan12,custom_rules,,,,8,0,0,26931,83,83,93,3.08,14386,12545,1708,0,1708,1708,8,8,8,4.68,5132,4084,1048,6840,11,11,12,10.5,5112,3895,1217,11952,9,9,10,7.4,3936,1144,2792,15888,11,11,13,3.94,3577,2732,845,19465,8,8,11,9.47,2687,1241,1446,22152,13,13,15,8.99,4779,1290,3489,26931,23,23,24,6.59,,,,,,,,,,,,,,,,,,,,,,,,,
c47c253b-7f5d-47a9-913c-64a711d2ec36,2025-08-02 10:23:53 UTC,False,14683,CFOP,Gan 12 UI Maglev,RandomForest,5260,14683,,,gan12,custom_rules,,,,8,0,0,14683,66,68,75,4.49,5632,9051,1226,0,1226,1226,6,6,8,4.89,3078,1047,2031,4304,12,12,13,5.91,1221,971,250,5525,4,4,4,16.0,2305,1274,1031,7830,8,8,10,7.76,1644,379,1265,9474,13,13,13,10.28,2018,1107,911,11492,9,9,9,9.88,3191,854,2337,14683,14,16,18,5.99,,,,,,,,,,,,,,,,,,,,,,,,,
3788f6ea-4c87-4a2a-a6bf-d134c8eae3ae,2025-08-02 10:24:39 UTC,False,19464,CFOP,Gan 12 UI Maglev,RandomForest,17129,19464,,,gan12,custom_rules,,,,8,0,0,19464,62,63,66,3.19,5570,13894,9120,0,9120,9120,17,17,18,1.86,0,0,0,9120,0,0,0,0.0,1249,1008,241,10369,4,4,4,16.6,1169,984,185,11538,3,3,3,16.22,2256,967,1289,13794,11,11,12,8.53,2527,1329,1198,16321,12,13,13,10.02,3143,1282,1861,19464,15,15,16,8.06,,,,,,,,,,,,,,,,,,,,,,,,,
be5fdf64-a566-47bd-bdea-cf65cf78df14,2025-08-02 10:25:27 UTC,False,13839,CFOP,Gan 12 UI Maglev,RandomForest,23351,13839,,,gan12,custom_rules,,,,8,0,0,13839,56,57,64,4.05,5485,8354,1080,0,1080,1080,5,5,7,4.63,4448,1402,3046,5528,14,14,16,4.6,805,668,137,6333,4,4,4,29.2,2651,749,1902,8984,10,11,13,5.26,2196,1111,1085,11180,8,8,8,7.37,2175,1071,1104,13355,14,14,15,12.68,484,484,0,13839,1,1,1,,,,,,,,,,,,,,,,,,,,,,,,,,
b1145e0d-0e38-4d5a-a2d8-f6cba23cbefd,2025-08-02 10:26:08 UTC,False,19207,CFOP,Gan 12 UI Maglev,RandomForest,11042,19207,,,gan12,custom_rules,,,,8,0,0,19207,70,72,79,3.64,7957,11250,1651,0,1651,1651,6,6,7,3.63,3094,2087,1007,4745,9,9,9,8.94,3363,1277,2086,8108,10,10,11,4.79,2945,1685,1260,11053,11,12,13,8.73,1596,1096,500,12649,8,8,8,16.0,2231,910,1321,14880,9,9,10,6.81,4327,902,3425,19207,17,18,21,4.96,,,,,,,,,,,,,,,,,,,,,,,,,
6f132bd2-702a-402b-9b33-7a0d3563afae,2025-08-02 10:26:41 UTC,False,17488,CFOP,Gan 12 UI Maglev,RandomForest,5478,17488,,,gan12,custom_rules,,,,8,0,0,17488,56,56,63,3.2,7723,9765,2877,0,2877,2877,9,9,9,3.13,2335,2117,218,5212,4,4,4,18.35,2836,1603,1233,8048,7,7,7,5.68,991,765,226,9039,4,4,4,17.7,1987,596,1391,11026,10,10,11,7.19,1886,894,992,12912,9,9,9,9.07,4576,1748,2828,17488,14,14,19,4.95,,,,,,,,,,,,,,,,,,,,,,,,,
83624a38-8ba0-43a9-9733-60a5c356c689,2025-08-02 10:27:57 UTC,False,20663,CFOP,Gan 12 UI Maglev,RandomForest,6188,20663,,,gan12,custom_rules,,,,8,0,0,20663,61,66,80,2.95,9513,11150,2602,0,2602,2602,6,6,7,2.31,3974,2557,1417,6576,7,7,8,4.94,3489,1475,2014,10065,11,11,12,5.46,3600,2036,1564,13665,11,12,13,7.03,2272,1378,894,15937,10,10,12,11.19,1566,897,669,17503,7,7,8,10.46,3160,1170,1990,20663,9,13,20,4.52,,,,,,,,,,,,,,,,,,,,,,,,,
da9ba64e-c0f2-4b8e-974a-9642cd011735,2025-08-02 10:28:40 UTC,False,19488,CFOP,Gan 12 UI Maglev,RandomForest,14929,19488,,,gan12,custom_rules,,,,8,0,0,19488,64,69,80,3.28,2835,16573,11175,0,11175,11255,31,32,40,2.77,0,0,0,11255,0,0,0,0.0,4513,1735,2778,15768,13,17,18,4.68,3720,1100,2620,19488,20,20,22,7.63,0,0,0,19488,0,0,0,0.0,0,0,0,19488,0,0,0,0.0,0,0,0,19488,0,0,0,0.0,,,,,,,,,,,,,,,,,,,,,,,,,
748c6eaf-27cf-4283-af0d-19748c0a6223,2025-08-02 10:29:12 UTC,False,18090,CFOP,Gan 12 UI Maglev,RandomForest,4260,18090,,,gan12,custom_rules,,,,8,0,0,18090,77,78,87,4.26,5677,12413,1748,0,1748,1748,8,8,8,4.58,2297,951,1346,4045,7,7,7,5.2,5163,1336,3827,9208,20,20,24,5.23,2155,685,1470,11363,7,7,8,4.76,1967,619,1348,13330,11,11,13,8.16,1779,715,1064,15109,9,9,9,8.46,2981,1371,1610,18090,15,16,18,9.32,,,,,,,,,,,,,,,,,,,,,,,,,
cc32c531-36bd-4255-959c-c56815bb1023,2025-08-02 10:29:56 UTC,False,25201,CFOP,Gan 12 UI Maglev,RandomForest,10937,25201,,,gan12,custom_rules,,,,8,0,0,25201,77,80,89,3.06,10961,14240,1137,0,1137,1137,4,4,5,3.52,8447,1031,7416,9584,20,20,23,2.7,3576,3141,435,13160,8,8,10,18.39,1813,693,1120,14973,9,10,11,8.04,4283,3824,459,19256,9,9,10,19.61,2038,782,1256,21294,10,10,10,7.96,3907,1490,2417,25201,17,19,20,7.03,,,,,,,,,,,,,,,,,,,,,,,,,
bc380772-c5ac-4ea1-90ea-ba3b73e57217,2025-08-02 10:30:37 UTC,False,22419,CFOP,Gan 12 UI Maglev,RandomForest,7030,22419,,,gan12,custom_rules,,,,8,0,0,22419,75,76,89,3.35,9100,13319,3924,0,3924,3924,10,10,15,2.55,2516,1686,830,6440,9,9,10,10.84,4132,1087,3045,10572,10,10,12,3.28,1885,1055,830,12457,7,7,7,8.43,1974,1434,540,14431,8,8,8,14.81,3912,1302,2610,18343,16,16,18,6.13,4076,2536,1540,22419,15,16,19,9.74,,,,,,,,,,,,,,,,,,,,,,,,,
e516e946-581d-474c-a714-1b456681f88b,2025-08-02 10:31:04 UTC,False,15217,CFOP,Gan 12 UI Maglev,RandomForest,2830,15217,,,gan12,custom_rules,,,,8,0,0,15217,70,70,74,4.6,5937,9280,1667,0,1667,1667,7,7,8,4.2,1946,1051,895,3613,8,8,8,8.94,2763,693,2070,6376,9,9,10,4.35,1587,790,797,7963,11,11,11,13.8,2160,597,1563,10123,11,11,11,7.04,2168,1112,1056,12291,10,10,10,9.47,2926,1694,1232,15217,14,14,16,11.36,,,,,,,,,,,,,,,,,,,,,,,,,
d9883d46-3ddf-4ad5-81f5-818cdf836c72,2025-08-02 10:31:36 UTC,False,16857,CFOP,Gan 12 UI Maglev,RandomForest,4101,16857,,,gan12,custom_rules,,,,8,0,0,16857,66,68,82,3.92,7415,9442,958,0,958,958,5,5,6,5.22,2450,1435,1015,3408,8,8,10,7.88,2321,1039,1282,5729,9,9,11,7.02,3520,651,2869,9249,13,14,15,4.53,2279,1619,660,11528,8,8,9,12.12,2989,1636,1353,14517,10,10,13,7.39,2340,1035,1305,16857,14,15,18,10.73,,,,,,,,,,,,,,,,,,,,,,,,,
34543430-ee39-4c07-942b-8659274b02a9,2025-08-02 10:32:02 UTC,False,12373,CFOP,Gan 12 UI Maglev,RandomForest,4734,12373,,,gan12,custom_rules,,,,8,0,0,12373,54,55,59,4.36,6336,6037,1104,0,1104,1104,5,5,6,4.53,1644,846,798,2748,6,7,8,7.52,1620,1032,588,4368,7,7,8,11.9,1131,914,217,5499,3,3,3,13.82,1879,1636,243,7378,5,5,5,20.58,2377,870,1507,9755,9,9,10,5.97,2618,1038,1580,12373,19,19,19,12.03,,,,,,,,,,,,,,,,,,,,,,,,,
f362a717-1f3c-4bad-95dc-8e04da12238f,2025-08-02 10:32:52 UTC,False,33243,CFOP,Gan 12 UI Maglev,RandomForest,5131,33243,,,gan12,custom_rules,,,,8,0,0,33243,125,128,149,3.76,4297,28946,2764,0,2764,2764,9,12,18,3.26,1894,411,1483,4658,11,11,12,7.42,3474,106,3368,8132,14,14,14,4.16,2112,443,1669,10244,6,6,6,3.59,2797,1298,1499,13041,14,14,15,9.34,2168,1015,1153,15209,14,14,15,12.14,18034,1024,17010,33243,58,58,69,3.41,,,,,,,,,,,,,,,,,,,,,,,,,
baf8194d-c61c-46ce-a1b4-a1f7db16be09,2025-08-02 10:33:26 UTC,False,20998,CFOP,Gan 12 UI Maglev,RandomForest,4317,20998,,,gan12,custom_rules,,,,8,0,0,20998,80,84,100,3.81,5850,15148,2837,0,2837,2837,7,7,8,2.47,2136,596,1540,4973,11,11,12,7.14,2900,1086,1814,7873,11,11,14,6.06,4756,1901,2855,12629,14,14,14,4.9,1781,1120,661,14410,8,8,10,12.1,4477,121,4356,18887,21,21,24,4.82,2111,1026,1085,20998,8,12,18,7.37,,,,,,,,,,,,,,,,,,,,,,,,,
1dea90a8-09bb-4906-85b8-65607e3d31a5,2025-08-02 10:34:05 UTC,False,20409,CFOP,Gan 12 UI Maglev,RandomForest,8222,20409,,,gan12,custom_rules,,,,8,0,0,20409,87,89,99,4.26,5325,15084,2537,0,2537,2537,7,7,9,2.76,1152,1007,145,3689,4,4,5,27.59,2167,1135,1032,5856,9,10,11,8.72,1160,862,298,7016,5,5,5,16.78,3206,781,2425,10222,19,19,20,7.84,3678,289,3389,13900,15,15,16,4.43,6509,1251,5258,20409,28,29,33,5.33,,,,,,,,,,,,,,,,,,,,,,,,,
5e8f6ea1-32c2-4011-97fb-8a5256218155,2025-08-02 10:34:42 UTC,False,18657,CFOP,Gan 12 UI Maglev,RandomForest,7174,18657,,,gan12,custom_rules,,,,8,0,0,18657,70,75,83,3.75,9396,9261,1498,0,1498,1498,7,7,8,4.67,3635,1853,1782,5133,11,11,12,6.17,3021,975,2046,8154,17,18,18,8.31,3222,2401,821,11376,7,7,7,8.53,2473,1773,700,13849,8,8,9,11.43,2383,1056,1327,16232,13,13,13,9.8,2425,1338,1087,18657,7,11,16,6.44,,,,,,,,,,,,,,,,,,,,,,,,,
9aa1ba7c-aed0-4087-a646-b9938d5a5626,2025-08-02 10:35:16 UTC,False,18051,CFOP,Gan 12 UI Maglev,RandomForest,5641,18051,,,gan12,custom_rules,,,,8,0,0,18051,63,68,85,3.49,5722,12329,4286,0,4286,4286,10,10,10,2.33,1944,1251,693,6230,8,8,10,11.54,2208,781,1427,8438,8,8,9,5.61,2342,1474,868,10780,8,8,8,9.22,1087,274,813,11867,7,7,10,8.61,3053,1160,1893,14920,11,11,18,5.81,3131,782,2349,18051,12,16,20,5.11,,,,,,,,,,,,,,,,,,,,,,,,,
7932de27-ca9d-4d87-bfbe-94b048198c9e,2025-08-02 10:35:56 UTC,False,22489,CFOP,Gan 12 UI Maglev,RandomForest,7582,22489,,,gan12,custom_rules,,,,8,0,0,22489,73,77,92,3.25,8246,14243,8477,0,8477,8477,12,14,21,1.42,2007,1072,935,10484,8,8,9,8.56,1308,612,696,11792,6,7,8,8.62,3167,2410,757,14959,9,9,11,11.89,1730,1435,295,16689,5,5,5,16.95,2893,1322,1571,19582,18,18,20,11.46,2907,1395,1512,22489,15,16,18,9.92,,,,,,,,,,,,,,,,,,,,,,,,,
58a3082f-f5a6-412c-9da7-02bf7e80246a,2025-08-02 10:36:28 UTC,False,14280,CFOP,Gan 12 UI Maglev,RandomForest,8387,14280,,,gan12,custom_rules,,,,8,0,0,14280,61,61,64,4.27,7752,6528,1588,0,1588,1588,7,7,7,4.41,1660,1426,234,3248,4,4,5,17.09,2939,1851,1088,6187,11,11,11,10.11,1168,451,717,7355,8,8,9,11.16,2143,1571,572,9498,8,8,8,13.99,2099,777,1322,11597,9,9,9,6.81,2683,1676,1007,14280,14,14,15,13.9,,,,,,,,,,,,,,,,,,,,,,,,,
0c0def72-1cb0-4ce8-944a-a4f8627f8228,2025-08-02 10:37:44 UTC,False,14169,CFOP,Gan 12 UI Maglev,RandomForest,48744,14169,,,gan12,custom_rules,,,,8,0,0,14169,58,60,67,4.09,6760,7409,1748,0,1748,1748,5,5,6,2.86,1418,943,475,3166,4,4,4,8.42,2035,709,1326,5201,8,8,9,6.03,2039,1241,798,7240,9,9,10,11.28,1635,1120,515,8875,8,8,9,15.53,2119,1426,693,10994,8,8,9,11.54,3175,1321,1854,14169,16,18,20,8.63,,,,,,,,,,,,,,,,,,,,,,,,,
9b372bfa-bcac-4b6b-afad-2e25bc0a9934,2025-08-02 10:38:25 UTC,False,19532,CFOP,Gan 12 UI Maglev,RandomForest,12290,19532,,,gan12,custom_rules,,,,8,0,0,19532,71,73,86,3.64,7397,12135,1901,0,1901,1901,6,6,6,3.16,4831,3695,1136,6732,10,11,12,8.8,3642,830,2812,10374,12,13,15,4.27,1921,1003,918,12295,8,8,10,8.71,2385,234,2151,14680,11,11,12,5.11,2089,580,1509,16769,9,9,14,5.96,2763,1055,1708,19532,16,16,17,9.37,,,,,,,,,,,,,,,,,,,,,,,,,
df8d12cb-c150-48ca-86d7-37e000157683,2025-08-02 10:39:21 UTC,False,17253,CFOP,Gan 12 UI Maglev,RandomForest,29683,17253,,,gan12,custom_rules,,,,8,0,0,17253,69,69,80,4.0,7647,9606,2030,0,2030,2030,6,6,8,2.96,1362,315,1047,3392,7,7,8,6.69,2351,951,1400,5743,9,9,9,6.43,2087,1321,766,7830,14,14,14,18.28,4739,3264,1475,12569,9,9,10,6.1,1812,652,1160,14381,9,9,14,7.76,2872,1144,1728,17253,16,16,17,9.26,,,,,,,,,,,,,,,,,,,,,,,,,
16d36bb6-c949-42be-af0c-4ab65c8ff044,2025-08-02 10:39:57 UTC,False,16270,CFOP,Gan 12 UI Maglev,RandomForest,9918,16270,,,gan12,custom_rules,,,,8,0,0,16270,66,72,84,4.06,6208,10062,1861,0,1861,1861,7,7,8,3.76,2264,1160,1104,4125,11,11,11,9.96,4299,419,3880,8424,14,14,15,3.61,1776,1313,463,10200,8,8,8,17.28,1870,1128,742,12070,8,8,9,10.78,2178,1184,994,14248,11,13,15,11.07,2022,1004,1018,16270,8,12,18,7.86,,,,,,,,,,,,,,,,,,,,,,,,,
a26de79f-1f52-4b89-b87e-122de3cdf3c1,2025-08-02 10:40:46 UTC,False,19441,CFOP,Gan 12 UI Maglev,RandomForest,18874,19441,,,gan12,custom_rules,,,,8,0,0,19441,74,74,83,3.81,7439,11922,6572,0,6572,6652,19,19,24,2.89,0,0,0,6652,0,0,0,0.0,2288,1579,709,8940,8,8,8,11.28,2328,1595,733,11268,8,8,8,10.91,2030,1071,959,13298,8,8,10,8.34,2369,1176,1193,15667,14,14,14,11.74,3774,2018,1756,19441,17,17,19,9.68,,,,,,,,,,,,,,,,,,,,,,,,,
26d729c1-a06a-49c6-bae9-451f15ac06d3,2025-08-02 10:41:33 UTC,False,16424,CFOP,Gan 12 UI Maglev,RandomForest,16770,16424,,,gan12,custom_rules,,,,8,0,0,16424,59,59,72,3.59,5992,10432,2111,0,2111,2111,7,7,8,3.32,718,557,161,2829,4,4,4,24.84,4437,427,4010,7266,11,11,14,2.74,3206,1885,1321,10472,13,13,16,9.84,1805,1313,492,12277,8,8,9,16.26,2086,813,1273,14363,8,8,9,6.28,2061,997,1064,16424,9,9,12,8.46,,,,,,,,,,,,,,,,,,,,,,,,,
0925610a-a7c6-4032-8a16-940421884331,2025-08-02 10:42:09 UTC,False,15874,CFOP,Gan 12 UI Maglev,RandomForest,10825,15874,,,gan12,custom_rules,,,,8,0,0,15874,63,67,76,3.97,6485,9389,2739,0,2739,2739,10,10,12,3.65,411,283,128,3150,3,3,3,23.44,4153,2163,1990,7303,8,8,8,4.02,2112,1354,758,9415,7,7,7,9.23,2090,684,1406,11505,14,14,14,9.96,1926,701,1225,13431,12,12,13,9.8,2443,1300,1143,15874,9,13,19,7.87,,,,,,,,,,,,,,,,,,,,,,,,,
94966e64-3306-437c-b0d4-7268d58f9b5e,2025-08-02 10:42:46 UTC,False,20922,CFOP,Gan 12 UI Maglev,RandomForest,7155,20922,,,gan12,custom_rules,,,,8,0,0,20922,69,70,81,3.3,9129,11791,3365,0,3365,3367,9,10,10,2.67,4672,3076,1596,8039,8,8,10,5.01,1700,919,781,9739,8,8,8,10.24,3332,1112,2220,13071,11,11,13,4.95,1885,862,1023,14956,8,8,9,7.82,2565,1106,1459,17521,13,13,14,8.91,3401,2054,1347,20922,12,12,17,8.91,,,,,,,,,,,,,,,,,,,,,,,,,
d339feb6-8cff-4445-b8d2-c1177058648e,2025-08-02 10:43:23 UTC,False,17074,CFOP,Gan 12 UI Maglev,RandomForest,8734,17074,,,gan12,custom_rules,,,,8,0,0,17074,73,76,86,4.28,6817,10257,3175,0,3175,3175,13,13,14,4.09,1668,774,894,4843,8,8,10,8.95,3326,1206,2120,8169,11,11,12,5.19,1321,814,507,9490,7,7,8,13.81,2806,1927,879,12296,9,9,10,10.24,2167,814,1353,14463,10,11,12,7.39,2611,1282,1329,17074,15,17,20,11.29,,,,,,,,,,,,,,,,,,,,,,,,,
e967fdea-a087-4c12-96d3-6a078a484f37,2025-08-02 10:43:58 UTC,False,13842,CFOP,Gan 12 UI Maglev,RandomForest,11804,13842,,,gan12,custom_rules,,,,8,0,0,13842,56,58,68,4.05,6962,6880,1805,0,1805,1805,7,7,8,3.88,2063,1764,299,3868,4,4,6,13.38,1181,581,600,5049,8,8,8,13.33,2160,1539,621,7209,7,8,8,11.27,1047,580,467,8256,4,4,4,8.57,2178,991,1187,10434,11,11,14,9.27,3408,1507,1901,13842,15,16,20,7.89,,,,,,,,,,,,,,,,,,,,,,,,,
48c7d197-0703-4370-9510-027f364793f1,2025-08-02 10:46:17 UTC,False,17466,CFOP,Gan 12 UI Maglev,RandomForest,22306,17466,,,gan12,custom_rules,,,,8,0,0,17466,73,74,84,4.18,8292,9102,782,0,782,854,4,4,6,5.12,3029,2183,846,3883,8,8,9,9.46,2842,1392,1450,6725,9,9,10,6.21,2401,1088,1313,9126,8,8,9,6.09,2017,1574,443,11143,8,8,8,18.06,1748,1104,644,12891,10,11,12,15.53,4575,951,3624,17466,26,26,30,7.17,,,,,,,,,,,,,,,,,,,,,,,,,
1a34853e-8963-43db-9693-cfe9942e58ee,2025-08-02 10:47:24 UTC,False,36205,CFOP,Gan 12 UI Maglev,RandomForest,11451,36205,,,gan12,custom_rules,,,,8,0,0,36205,117,127,144,3.23,7652,28553,2312,0,2312,2312,8,8,9,3.46,1410,830,580,3722,7,7,7,12.07,3092,1947,1145,6814,8,8,9,6.99,2200,1160,1040,9014,8,8,9,7.69,1854,1031,823,10868,7,7,8,8.51,2151,935,1216,13019,13,13,14,10.69,23186,1749,21437,36205,66,76,88,3.08,,,,,,,,,,,,,,,,,,,,,,,,,
1ad8b8ea-93d2-4032-8993-1fab273b3369,2025-08-02 10:48:00 UTC,False,18203,CFOP,Gan 12 UI Maglev,RandomForest,6366,18203,,,gan12,custom_rules,,,,8,0,0,18203,72,72,82,3.96,4518,13685,7523,0,7523,7523,18,18,22,2.39,0,0,0,7523,0,0,0,0.0,2152,863,1289,9675,9,9,10,6.98,2031,894,1137,11706,8,8,10,7.04,717,338,379,12423,4,4,4,10.55,2753,1144,1609,15176,14,14,16,8.7,3027,1279,1748,18203,19,19,20,10.87,,,,,,,,,,,,,,,,,,,,,,,,,
1c51808d-b82c-43f1-839c-cd597f3ff26e,2025-08-02 10:48:33 UTC,False,16276,CFOP,Gan 12 UI Maglev,RandomForest,7771,16276,,,gan12,custom_rules,,,,8,0,0,16276,62,65,71,3.81,8663,7613,1395,0,1395,1395,8,8,8,5.73,1491,1281,210,2886,4,4,4,19.05,3750,3064,686,6636,7,7,7,10.2,2683,1208,1475,9319,9,10,11,6.1,1862,1233,629,11181,8,8,9,12.72,1797,733,1064,12978,10,11,11,9.4,3298,1144,2154,16276,16,17,21,7.43,,,,,,,,,,,,,,,,,,,,,,,,,
151c618a-59ff-4b31-b068-0efb1657b099,2025-08-02 10:49:11 UTC,False,19549,CFOP,Gan 12 UI Maglev,RandomForest,8829,19549,,,gan12,custom_rules,,,,8,0,0,19549,72,74,84,3.68,6399,13150,6545,0,6545,6545,18,19,22,2.75,0,0,0,6545,0,0,0,0.0,2627,1128,1499,9172,8,8,8,5.34,1639,1099,540,10811,7,7,8,12.96,2537,1329,1208,13348,11,11,12,9.11,2262,1007,1255,15610,10,10,10,7.97,3939,1836,2103,19549,18,19,24,8.56,,,,,,,,,,,,,,,,,,,,,,,,,
dba12457-12ef-4566-a05e-55a5ba04ff0b,2025-08-02 10:49:47 UTC,False,17552,CFOP,Gan 12 UI Maglev,RandomForest,8380,17552,,,gan12,custom_rules,,,,8,0,0,17552,66,69,73,3.76,7406,10146,1330,0,1330,1330,5,6,7,3.76,4408,1427,2981,5738,14,15,15,4.7,2409,886,1523,8147,7,7,8,4.6,1450,475,975,9597,7,7,7,7.18,2331,1645,686,11928,9,9,9,13.12,2498,1442,1056,14426,10,10,10,9.47,3126,1531,1595,17552,14,15,17,8.78,,,,,,,,,,,,,,,,,,,,,,,,,
b90a07b1-2573-455e-8455-62a8ba16a32f,2025-08-02 10:50:26 UTC,False,19442,CFOP,Gan 12 UI Maglev,RandomForest,8229,19442,,,gan12,custom_rules,,,,8,0,0,19442,71,73,82,3.65,7005,12437,1676,0,1676,1676,6,6,8,3.58,3030,331,2699,4706,10,10,10,3.71,1890,1681,209,6596,4,4,5,19.14,2152,1031,1121,8748,9,9,9,8.03,2384,660,1724,11132,9,9,9,5.22,2094,1047,1047,13226,10,11,11,9.55,6216,2255,3961,19442,23,24,30,5.81,,,,,,,,,,,,,,,,,,,,,,,,,
a86648fc-dda8-4538-af06-d252ad59e752,2025-08-02 10:51:25 UTC,False,39911,CFOP,Gan 12 UI Maglev,RandomForest,9554,39911,,,gan12,custom_rules,,,,8,0,0,39911,122,131,153,3.06,5476,34370,14386,0,14386,14451,33,33,41,2.29,0,0,0,14451,0,0,0,0.0,1672,959,713,16123,6,7,7,8.42,1610,1272,338,17733,4,4,4,11.83,1201,395,806,18934,7,7,9,8.68,2572,990,1582,21506,8,8,10,5.06,18405,1860,16545,39911,65,73,82,3.93,,,,,,,,,,,,,,,,,,,,,,,,,
b364cc93-0a24-4776-9f65-782491940356,2025-08-02 10:51:59 UTC,False,15287,CFOP,Gan 12 UI Maglev,RandomForest,9156,15287,,,gan12,custom_rules,,,,8,0,0,15287,58,62,76,3.79,6958,8329,1369,0,1369,1369,6,6,8,4.38,2289,1700,589,3658,8,8,9,13.58,2517,1462,1055,6175,8,8,10,7.58,1845,274,1571,8020,7,7,8,4.46,2350,910,1440,10370,8,8,10,5.56,2304,1047,1257,12674,13,13,14,10.34,2613,1565,1048,15287,8,12,17,7.63,,,,,,,,,,,,,,,,,,,,,,,,,
55d134e9-c916-4c78-a3ef-2eeb3dd3a997,2025-08-02 10:52:37 UTC,False,17236,CFOP,Gan 12 UI Maglev,RandomForest,10982,17236,,,gan12,custom_rules,,,,8,0,0,17236,77,77,84,4.47,3652,13584,2852,0,2852,2852,9,9,12,3.16,2620,258,2362,5472,13,13,13,5.5,4617,427,4190,10089,14,14,14,3.34,2274,437,1837,12363,11,11,12,5.99,1506,1015,491,13869,8,8,9,16.29,1297,758,539,15166,9,9,9,16.7,2070,757,1313,17236,14,14,15,10.66,,,,,,,,,,,,,,,,,,,,,,,,,
3503eaed-c67f-44ff-a4bb-042f8f526bc2,2025-08-02 10:53:12 UTC,False,16062,CFOP,Gan 12 UI Maglev,RandomForest,7631,16062,,,gan12,custom_rules,,,,8,0,0,16062,66,68,71,4.11,8442,7620,108,0,108,108,2,3,3,18.52,1430,721,709,1538,8,8,8,11.28,1466,879,587,3004,8,8,8,13.63,4237,3247,990,7241,8,8,9,8.08,3119,1322,1797,10360,12,12,12,6.68,1802,757,1045,12162,10,11,12,9.57,3900,1516,2384,16062,18,18,19,7.55,,,,,,,,,,,,,,,,,,,,,,,,,
ad6db0cd-62bc-4dd9-b898-87976c959d76,2025-08-02 10:54:05 UTC,False,19446,CFOP,Gan 12 UI Maglev,RandomForest,15133,19446,,,gan12,custom_rules,,,,8,0,0,19446,62,63,75,3.19,6549,12897,5441,0,5441,5441,14,14,16,2.57,0,0,0,5441,0,0,0,0.0,2602,1039,1563,8043,7,7,10,4.48,2583,887,1696,10626,8,8,9,4.72,1765,525,1240,12391,9,9,10,7.26,1741,943,798,14132,8,8,10,10.03,5314,3155,2159,19446,16,17,20,7.41,,,,,,,,,,,,,,,,,,,,,,,,,
e3974b2c-43d7-4701-8506-23d52e836135,2025-08-02 10:54:36 UTC,False,17331,CFOP,Gan 12 UI Maglev,RandomForest,5779,17331,,,gan12,custom_rules,,,,8,0,0,17331,76,82,92,4.39,5295,12036,3087,0,3087,3087,9,9,11,2.92,2056,951,1105,5143,8,8,9,7.24,2551,806,1745,7694,9,10,11,5.16,1471,858,613,9165,6,7,7,9.79,1754,956,798,10919,8,8,8,10.03,1645,701,944,12564,13,13,13,13.77,4767,1023,3744,17331,23,27,33,6.14,,,,,,,,,,,,,,,,,,,,,,,,,
470fd904-e72d-4719-9ec6-333c89bfa5a3,2025-08-02 10:55:04 UTC,False,11944,CFOP,Gan 12 UI Maglev,RandomForest,5429,11944,,,gan12,custom_rules,,,,8,0,0,11944,69,70,77,5.78,3795,8149,2104,0,2104,2104,12,12,14,5.7,0,0,0,2104,0,0,0,0.0,1700,935,765,3804,7,7,8,9.15,2283,451,1832,6087,13,14,15,7.1,1410,935,475,7497,8,8,9,16.84,1572,693,879,9069,11,11,12,12.51,2875,781,2094,11944,18,18,19,8.6,,,,,,,,,,,,,,,,,,,,,,,,,
5e314d55-e1b5-459a-97f8-17afe3822c5b,2025-08-02 10:56:48 UTC,False,17144,CFOP,Gan 12 UI Maglev,RandomForest,11759,17144,,,gan12,custom_rules,,,,8,0,0,17144,83,85,93,4.84,6754,10390,1305,0,1305,1305,6,6,7,4.6,1401,612,789,2706,10,10,12,12.67,2447,1380,1067,5153,8,8,8,7.5,1796,983,813,6949,7,8,8,8.61,2304,1490,814,9253,10,10,12,12.29,2773,298,2475,12026,19,20,20,7.68,5118,1991,3127,17144,23,23,26,7.36,,,,,,,,,,,,,,,,,,,,,,,,,
1c1a565a-12bf-45c7-8be9-1356ea484b32,2025-08-02 10:57:34 UTC,False,31155,CFOP,Gan 12 UI Maglev,RandomForest,4702,31155,,,gan12,custom_rules,,,,8,0,0,31155,69,72,82,2.21,14642,16513,8588,0,8588,8588,13,13,14,1.51,3393,3112,281,11981,4,4,5,14.23,4702,4550,152,16683,3,3,3,19.74,3876,1894,1982,20559,10,10,13,5.05,1911,1226,685,22470,8,8,9,11.68,4640,1451,3189,27110,16,18,20,5.02,4045,2409,1636,31155,15,16,18,9.17,,,,,,,,,,,,,,,,,,,,,,,,,
52c4d446-b704-4c07-97db-06fe59daeb29,2025-08-02 10:58:16 UTC,False,18898,CFOP,Gan 12 UI Maglev,RandomForest,10755,18898,,,gan12,custom_rules,,,,8,0,0,18898,71,76,93,3.76,7637,11261,1934,0,1934,1934,6,6,7,3.1,3142,1791,1351,5076,9,9,10,6.66,1700,1168,532,6776,8,8,10,15.04,2877,1918,959,9653,8,8,9,8.34,1398,834,564,11051,7,7,8,12.41,1538,837,701,12589,8,8,9,11.41,6309,1089,5220,18898,25,30,40,4.79,,,,,,,,,,,,,,,,,,,,,,,,,
01fb6865-3962-4dd5-9e40-e75450a2bf78,2025-08-02 10:58:45 UTC,False,13594,CFOP,Gan 12 UI Maglev,RandomForest,6225,13594,,,gan12,custom_rules,,,,8,0,0,13594,54,55,68,3.97,6808,6786,991,0,991,991,4,4,5,4.04,2120,919,1201,3111,8,8,11,6.66,1459,370,1089,4570,8,9,9,7.35,1184,683,501,5754,7,7,8,13.97,1676,1225,451,7430,8,8,8,17.74,2304,1096,1208,9734,8,8,11,6.62,3860,2515,1345,13594,11,11,16,8.18,,,,,,,,,,,,,,,,,,,,,,,,,
aa13b694-1313-4654-ab09-05ffbc5fde6a,2025-08-02 10:59:14 UTC,False,15805,CFOP,Gan 12 UI Maglev,RandomForest,4649,15805,,,gan12,custom_rules,,,,8,0,0,15805,67,68,75,4.24,5878,9927,2698,0,2698,2698,7,7,8,2.59,0,0,0,2698,0,0,0,0.0,2578,684,1894,5276,12,12,13,6.34,1604,758,846,6880,6,6,6,7.09,2208,1410,798,9088,9,9,12,11.28,3565,1729,1836,12653,14,15,16,7.63,3152,1297,1855,15805,19,19,20,10.24,,,,,,,,,,,,,,,,,,,,,,,,,
e20cb0af-2928-4500-a517-c55f7aa19c12,2025-08-02 11:00:37 UTC,False,22986,CFOP,Gan 12 UI Maglev,RandomForest,49522,22986,,,gan12,custom_rules,,,,8,0,0,22986,80,82,92,3.48,8113,14873,4237,0,4237,4237,8,8,9,1.89,7533,2273,5260,11770,20,20,22,3.8,1668,153,1515,13438,11,11,13,7.26,2480,1562,918,15918,7,7,7,7.63,890,451,439,16808,8,8,8,18.22,2481,1490,991,19289,12,12,14,12.11,3697,2184,1513,22986,15,17,19,9.91,,,,,,,,,,,,,,,,,,,,,,,,,
97221139-1a3a-48cc-b10c-137a7c559f4d,2025-08-02 11:01:12 UTC,False,13896,CFOP,Gan 12 UI Maglev,RandomForest,10238,13896,,,gan12,custom_rules,,,,8,0,0,13896,59,64,75,4.25,6279,7617,1294,0,1294,1294,6,6,6,4.64,2354,1048,1306,3648,7,7,7,5.36,1836,952,884,5484,8,9,10,9.05,1367,448,919,6851,7,7,9,7.62,1999,1217,782,8850,9,9,9,11.51,2539,1217,1322,11389,14,14,15,10.59,2507,1397,1110,13896,8,12,19,7.21,,,,,,,,,,,,,,,,,,,,,,,,,
8ddc113b-ac85-4cca-8742-559096380d0b,2025-08-02 11:01:53 UTC,False,26371,CFOP,Gan 12 UI Maglev,RandomForest,5209,26371,,,gan12,custom_rules,,,,8,0,0,26371,95,96,104,3.6,6844,19527,3022,0,3022,3022,10,10,12,3.31,6169,274,5895,9191,20,20,21,3.39,3709,1380,2329,12900,15,15,15,6.44,2006,991,1015,14906,11,11,11,10.84,2925,1128,1797,17831,9,9,10,5.01,3519,1749,1770,21350,11,11,11,6.21,5021,1322,3699,26371,20,21,24,5.41,,,,,,,,,,,,,,,,,,,,,,,,,
bf3fb237-c163-4ddd-86db-52b1aec1a963,2025-08-02 11:02:21 UTC,False,14650,CFOP,Gan 12 UI Maglev,RandomForest,3629,14650,,,gan12,custom_rules,,,,8,0,0,14650,67,68,77,4.57,5562,9088,1734,0,1734,1734,6,6,8,3.46,1902,331,1571,3636,11,11,12,7.0,2651,766,1885,6287,8,8,10,4.24,1049,219,830,7336,8,8,8,9.64,1861,1297,564,9197,8,8,9,14.18,3205,1902,1303,12402,12,13,14,9.21,2248,1047,1201,14650,15,15,16,12.49,,,,,,,,,,,,,,,,,,,,,,,,,
6446a054-bd0b-407e-86b1-ceafb0c6b777,2025-08-02 11:03:10 UTC,False,20958,CFOP,Gan 12 UI Maglev,RandomForest,16746,20958,,,gan12,custom_rules,,,,8,0,0,20958,88,90,101,4.2,6149,14760,813,0,813,862,5,5,6,6.15,5607,1240,4367,6469,20,20,24,4.58,1909,837,1072,8378,8,8,9,7.46,5336,1578,3758,13714,17,17,17,4.52,1918,524,1394,15632,11,11,12,7.89,1585,618,967,17217,10,11,11,10.34,3741,1352,2389,20958,17,18,22,7.12,,,,,,,,,,,,,,,,,,,,,,,,,
3dfa29b6-328b-4d72-980f-53881f0f152d,2025-08-02 11:03:42 UTC,False,14762,CFOP,Gan 12 UI Maglev,RandomForest,8491,14762,,,gan12,custom_rules,,,,8,0,0,14762,55,57,68,3.73,6602,8072,1547,0,1547,1635,7,7,8,4.52,1716,1458,258,3351,5,5,6,19.38,2413,97,2316,5764,6,6,7,2.59,572,355,217,6336,4,4,4,18.43,2556,1314,1242,8892,9,9,11,7.25,2798,1419,1379,11690,14,16,17,10.15,3072,1959,1113,14762,11,11,15,9.88,,,,,,,,,,,,,,,,,,,,,,,,,
577ea999-35b3-4cd9-96f9-af20e5afe1b4,2025-08-02 11:04:27 UTC,False,16701,CFOP,Gan 12 UI Maglev,RandomForest,15104,16701,,,gan12,custom_rules,,,,8,0,0,16701,72,76,83,4.31,6086,10615,1588,0,1588,1588,6,6,7,3.78,4736,1725,3011,6324,17,18,18,5.65,1644,459,1185,7968,6,6,7,5.06,2225,1032,1193,10193,10,10,11,8.38,1666,980,686,11859,8,8,10,11.66,1954,701,1253,13813,9,10,10,7.18,2888,1189,1699,16701,16,18,20,9.42,,,,,,,,,,,,,,,,,,,,,,,,,
a9221498-7e04-492a-9169-555fe9dd5ff5,2025-08-02 11:04:59 UTC,False,17301,CFOP,Gan 12 UI Maglev,RandomForest,4665,17301,,,gan12,custom_rules,,,,8,0,0,17301,69,73,86,3.99,7416,9844,2659,0,2659,2700,5,5,7,1.88,2014,1266,748,4714,8,8,10,10.7,2416,442,1974,7130,16,16,17,8.11,2989,2329,660,10119,8,8,10,12.12,2266,1452,814,12385,8,8,8,9.83,2973,862,2111,15358,16,16,16,7.58,1943,1065,878,17301,8,12,18,9.11,,,,,,,,,,,,,,,,,,,,,,,,,
76b5811b-61ba-4aef-8b57-2dd784f6bd99,2025-08-02 11:05:47 UTC,False,19192,CFOP,Gan 12 UI Maglev,RandomForest,10074,19192,,,gan12,custom_rules,,,,8,0,0,19192,70,76,98,3.65,6999,12193,6102,0,6102,6102,21,23,31,3.44,0,0,0,6102,0,0,0,0.0,3448,2691,757,9550,9,9,10,11.89,2512,772,1740,12062,14,14,16,8.05,1547,878,669,13609,7,7,8,10.46,2812,966,1846,16421,12,12,13,6.5,2771,1692,1079,19192,7,11,20,6.49,,,,,,,,,,,,,,,,,,,,,,,,,
51d8bc21-8efb-4235-82d7-f5b36b9352a1,2025-08-02 11:06:28 UTC,False,19031,CFOP,Gan 12 UI Maglev,RandomForest,13579,19031,,,gan12,custom_rules,,,,8,0,0,19031,75,77,89,3.94,7594,11381,3213,0,3213,3269,9,9,12,2.8,3298,999,2299,6567,13,13,13,5.65,2827,1780,1047,9394,9,9,11,8.6,876,618,258,10270,3,3,3,11.63,2900,1224,1676,13170,14,14,17,8.35,2212,1450,762,15382,12,12,12,15.75,3649,1523,2126,19031,16,18,21,7.53,,,,,,,,,,,,,,,,,,,,,,,,,
dfe70ec0-f844-493f-993a-e8e68f1aae19,2025-08-02 11:07:29 UTC,False,14303,CFOP,Gan 12 UI Maglev,RandomForest,36341,14303,,,gan12,custom_rules,,,,8,0,0,14303,72,75,82,5.03,4472,9831,710,0,710,710,4,5,5,5.63,2215,531,1684,2925,11,12,12,6.53,2380,588,1792,5305,12,12,13,6.7,1055,556,499,6360,8,8,8,16.03,1934,895,1039,8294,8,8,10,7.7,2109,806,1303,10403,10,10,11,7.67,3900,1096,2804,14303,19,20,23,6.78,,,,,,,,,,,,,,,,,,,,,,,,,
92a5d8c6-1387-4242-b7f4-1079bdd0e249,2025-08-02 11:08:26 UTC,False,20537,CFOP,Gan 12 UI Maglev,RandomForest,23368,20537,,,gan12,custom_rules,,,,8,0,0,20537,76,76,88,3.7,8673,11864,4102,0,4102,4102,13,13,13,3.17,4518,885,3633,8620,12,12,14,3.3,1297,709,588,9917,7,7,7,11.9,3083,2245,838,13000,10,10,13,11.93,2582,2095,487,15582,9,9,10,18.48,2804,1547,1257,18386,11,11,15,8.75,2151,1192,959,20537,14,14,16,14.6,,,,,,,,,,,,,,,,,,,,,,,,,
0d470396-1992-4fe1-93ed-97e4c305b388,2025-08-02 11:09:25 UTC,False,25963,CFOP,Gan 12 UI Maglev,RandomForest,23787,25963,,,gan12,custom_rules,,,,8,0,0,25963,84,85,98,3.24,5359,20604,11192,0,11192,11192,31,31,33,2.77,0,0,0,11192,0,0,0,0.0,0,0,0,11192,0,0,0,0.0,2965,2184,781,14157,8,8,10,10.24,1724,403,1321,15881,8,8,8,6.06,3634,1596,2038,19515,15,15,18,7.36,6448,1176,5272,25963,22,23,29,4.17,,,,,,,,,,,,,,,,,,,,,,,,,
480d1849-fa75-4563-ad82-0e5c1e53b78b,2025-08-02 11:10:03 UTC,False,17685,CFOP,Gan 12 UI Maglev,RandomForest,11217,17685,,,gan12,custom_rules,,,,8,0,0,17685,71,72,80,4.01,5890,11795,2232,0,2232,2232,6,6,6,2.69,5119,1522,3597,7351,13,13,14,3.61,1676,314,1362,9027,9,9,10,6.61,1736,242,1494,10763,11,11,11,7.36,774,637,137,11537,3,3,3,21.9,2570,1095,1475,14107,14,14,16,9.49,3578,2080,1498,17685,16,17,20,10.68,,,,,,,,,,,,,,,,,,,,,,,,,
a331ff47-de27-4c62-ade9-dd2d95578f9e,2025-08-02 11:10:37 UTC,False,18483,CFOP,Gan 12 UI Maglev,RandomForest,5378,18483,,,gan12,custom_rules,,,,8,0,0,18483,72,73,84,3.9,7237,10859,2328,0,2328,2715,8,8,11,3.44,3232,540,2692,5947,12,12,13,4.46,1708,911,797,7655,8,8,9,10.04,2480,1305,1175,10135,8,8,8,6.81,1949,1200,749,12084,8,8,10,10.68,2748,1596,1152,14832,12,12,13,10.42,3651,1685,1966,18483,16,17,20,8.14,,,,,,,,,,,,,,,,,,,,,,,,,
4b776bfa-d445-4a7f-8ce9-66121eb0fe7b,2025-08-02 11:11:34 UTC,False,28718,CFOP,Gan 12 UI Maglev,RandomForest,18802,28718,,,gan12,custom_rules,,,,8,0,0,28718,74,75,88,2.58,8107,20611,13553,0,13553,13553,25,26,30,1.84,0,0,0,13553,0,0,0,0.0,2593,1570,1023,16146,7,7,7,6.84,1805,1015,790,17951,8,8,10,10.13,2295,1876,419,20246,7,7,7,16.71,5003,1547,3456,25249,16,16,20,4.63,3469,2099,1370,28718,11,11,14,8.03,,,,,,,,,,,,,,,,,,,,,,,,,
a4c6e260-425c-4576-b6c0-a1714d6680c2,2025-08-02 11:12:11 UTC,False,16755,CFOP,Gan 12 UI Maglev,RandomForest,11224,16755,,,gan12,custom_rules,,,,8,0,0,16755,66,67,76,3.94,6641,10114,2708,0,2708,2708,7,7,7,2.58,1353,233,1120,4061,7,7,7,6.25,2806,1734,1072,6867,8,8,10,7.46,1709,959,750,8576,8,8,9,10.67,1713,1217,496,10289,8,8,9,16.13,1725,653,1072,12014,9,9,10,8.4,4741,1845,2896,16755,19,20,24,6.56,,,,,,,,,,,,,,,,,,,,,,,,,
e69af736-7a0d-4ff1-b304-a73cdfbd4346,2025-08-02 11:12:43 UTC,False,19044,CFOP,Gan 12 UI Maglev,RandomForest,3984,19044,,,gan12,custom_rules,,,,8,0,0,19044,83,84,100,4.36,4439,14532,2207,0,2207,2280,8,8,11,3.62,3260,314,2946,5540,15,15,17,5.09,2063,194,1869,7603,7,7,9,3.75,2490,1426,1064,10093,8,8,10,7.52,2331,510,1821,12424,11,11,13,6.04,2651,822,1829,15075,19,19,20,10.39,3969,1173,2796,19044,16,17,20,5.72,,,,,,,,,,,,,,,,,,,,,,,,,
74a2079f-2d42-4eab-a08f-257c15b53992,2025-08-02 11:13:11 UTC,False,13356,CFOP,Gan 12 UI Maglev,RandomForest,5071,13356,,,gan12,custom_rules,,,,8,0,0,13356,60,61,69,4.49,5207,8149,2588,0,2588,2588,8,8,9,3.09,2062,845,1217,4650,8,8,10,6.57,1285,689,596,5935,7,7,8,11.74,2119,1184,935,8054,9,10,11,9.63,1427,814,613,9481,9,9,9,14.68,1385,571,814,10866,8,8,8,9.83,2490,1104,1386,13356,11,11,14,7.94,,,,,,,,,,,,,,,,,,,,,,,,,
f98d4c3e-b72d-435a-bac3-feca774d2829,2025-08-02 11:13:47 UTC,False,17307,CFOP,Gan 12 UI Maglev,RandomForest,5493,17307,,,gan12,custom_rules,,,,8,0,0,17307,58,63,84,3.35,6251,11056,5098,0,5098,5098,13,13,15,2.55,934,741,193,6032,4,4,4,20.73,1338,1105,233,7370,5,5,5,21.46,2239,1087,1152,9609,9,9,10,7.81,1760,1027,733,11369,8,8,10,10.91,1708,684,1024,13077,9,9,12,8.79,4230,1607,2623,17307,11,16,28,4.19,,,,,,,,,,,,,,,,,,,,,,,,,
6c509d62-3609-4730-8ea2-813d6d72c3c5,2025-08-02 11:16:00 UTC,False,28576,CFOP,Gan 12 UI Maglev,RandomForest,33236,28576,,,gan12,custom_rules,,,,8,0,0,28576,103,106,118,3.6,6718,21858,11722,0,11722,11722,31,33,42,2.64,468,322,146,12190,3,3,3,20.55,1039,854,185,13229,4,4,4,21.62,8390,2243,6147,21619,29,29,30,4.72,2634,1143,1491,24253,11,11,12,7.38,1475,814,661,25728,10,11,11,15.13,2848,1342,1506,28576,15,15,16,9.96,,,,,,,,,,,,,,,,,,,,,,,,,
702e44f4-1fc7-4f56-8f1b-f3b3a2239121,2025-08-02 11:16:38 UTC,False,17850,CFOP,Gan 12 UI Maglev,RandomForest,11069,17850,,,gan12,custom_rules,,,,8,0,0,17850,59,59,67,3.31,7482,10368,3014,0,3014,3014,9,9,10,2.99,1974,958,1016,4988,8,8,8,7.87,3101,2319,782,8089,8,8,9,10.23,2377,652,1725,10466,6,6,6,3.48,2661,1144,1517,13127,8,8,9,5.27,1893,910,983,15020,11,11,11,11.19,2830,1499,1331,17850,10,10,14,7.51,,,,,,,,,,,,,,,,,,,,,,,,,
800407cb-6b75-451e-80fb-53ccc7812909,2025-08-02 11:17:20 UTC,False,20787,CFOP,Gan 12 UI Maglev,RandomForest,11971,20787,,,gan12,custom_rules,,,,8,0,0,20787,72,73,85,3.46,7593,13194,4962,0,4962,4962,14,14,19,2.82,0,0,0,4962,0,0,0,0.0,4825,3794,1031,9787,10,10,10,9.7,1815,695,1120,11602,8,8,10,7.14,1909,1128,781,13511,9,9,9,11.52,1506,846,660,15017,9,9,9,13.64,5770,1130,4640,20787,22,23,28,4.74,,,,,,,,,,,,,,,,,,,,,,,,,
49179b4d-a83b-483b-b0c9-61fbf8d74f44,2025-08-02 11:18:00 UTC,False,19319,CFOP,Gan 12 UI Maglev,RandomForest,10263,19319,,,gan12,custom_rules,,,,8,0,0,19319,65,66,76,3.36,8413,10906,2569,0,2569,2569,7,7,10,2.72,2637,1820,817,5206,8,8,9,9.79,3495,1941,1554,8701,8,8,8,5.15,3079,1614,1465,11780,10,11,13,6.83,1820,838,982,13600,7,7,7,7.13,2931,1152,1779,16531,11,11,14,6.18,2788,1048,1740,19319,14,14,15,8.05,,,,,,,,,,,,,,,,,,,,,,,,,
11f06739-802d-4b30-a2c7-745e8db2b277,2025-08-02 11:18:45 UTC,False,18876,CFOP,Gan 12 UI Maglev,RandomForest,16530,18876,,,gan12,custom_rules,,,,8,0,0,18876,81,82,94,4.29,6384,12492,2457,0,2457,2457,7,7,7,2.85,1724,814,910,4181,8,8,9,8.79,1818,1068,750,5999,8,8,9,10.67,2812,1176,1636,8811,11,11,11,6.72,2588,1417,1171,11399,8,8,12,6.83,4666,774,3892,16065,25,25,28,6.42,2811,1135,1676,18876,14,15,18,8.35,,,,,,,,,,,,,,,,,,,,,,,,,
4abea30f-7814-4a7c-bd23-e37d115ef063,2025-08-02 11:19:25 UTC,False,23383,CFOP,Gan 12 UI Maglev,RandomForest,7777,23383,,,gan12,custom_rules,,,,8,0,0,23383,79,81,90,3.38,8308,15075,3216,0,3216,3216,8,8,9,2.49,4277,2270,2007,7493,7,7,8,3.49,3079,1498,1581,10572,10,10,11,6.33,2805,589,2216,13377,6,6,7,2.71,1635,717,918,15012,8,8,9,8.71,4322,2388,1934,19334,21,21,23,10.86,4049,846,3203,23383,19,21,23,5.93,,,,,,,,,,,,,,,,,,,,,,,,,
172ab82b-a1ea-4435-82e1-55b52f555987,2025-08-02 11:20:01 UTC,False,16606,CFOP,Gan 12 UI Maglev,RandomForest,8653,16606,,,gan12,custom_rules,,,,8,0,0,16606,60,66,81,3.61,5994,10612,3756,0,3756,3756,10,10,11,2.66,2347,975,1372,6103,8,8,9,5.83,2523,854,1669,8626,12,12,13,7.19,1838,1144,694,10464,6,7,9,8.65,1347,1177,170,11811,4,4,4,23.53,1941,853,1088,13752,8,8,9,7.35,2854,991,1863,16606,12,17,26,6.44,,,,,,,,,,,,,,,,,,,,,,,,,
e19909d2-f20d-49a3-a185-939222ac53b9,2025-08-02 11:20:47 UTC,False,20341,CFOP,Gan 12 UI Maglev,RandomForest,13873,20341,,,gan12,custom_rules,,,,8,0,0,20341,80,83,98,3.93,8053,12288,3434,0,3434,3434,8,8,13,2.33,2653,1370,1283,6087,12,12,13,9.35,3522,2143,1379,9609,15,16,18,10.88,1469,365,1104,11078,8,8,9,7.25,1950,1056,894,13028,8,8,10,8.95,3007,1765,1242,16035,12,13,13,9.66,4306,1354,2952,20341,17,18,22,5.76,,,,,,,,,,,,,,,,,,,,,,,,,
58cb5eac-b1ad-4be3-9485-c66f507daa5b,2025-08-02 11:21:26 UTC,False,20041,CFOP,Gan 12 UI Maglev,RandomForest,9372,20041,,,gan12,custom_rules,,,,8,0,0,20041,83,88,97,4.14,5698,14287,1241,0,1241,1297,5,6,7,4.03,4909,984,3925,6206,15,17,18,3.82,2055,226,1829,8261,13,13,14,7.11,3562,1080,2482,11823,15,16,16,6.04,1684,717,967,13507,9,9,10,9.31,2030,782,1248,15537,10,11,12,8.01,4504,1909,2595,20041,16,16,20,6.17,,,,,,,,,,,,,,,,,,,,,,,,,
890a0627-b113-439d-923c-4a294318c6b6,2025-08-02 11:22:08 UTC,False,16407,CFOP,Gan 12 UI Maglev,RandomForest,14431,16407,,,gan12,custom_rules,,,,8,0,0,16407,62,66,75,3.78,8767,7640,1410,0,1410,1410,5,5,5,3.55,1724,1482,242,3134,4,4,5,16.53,2520,1418,1102,5654,6,7,8,5.44,1531,1072,459,7185,8,8,8,17.43,2521,1587,934,9706,9,9,11,9.64,3055,1613,1442,12761,12,14,16,8.32,3646,1595,2051,16407,18,19,22,8.78,,,,,,,,,,,,,,,,,,,,,,,,,
f0929b0c-1f54-4af6-a280-d45f502e41fb,2025-08-02 11:22:45 UTC,False,16577,CFOP,Gan 12 UI Maglev,RandomForest,10677,16577,,,gan12,custom_rules,,,,8,0,0,16577,56,63,69,3.38,5250,11327,4099,0,4099,4099,7,7,7,1.71,1706,484,1222,5805,7,7,7,5.73,1780,314,1466,7585,12,13,13,8.19,2158,950,1208,9743,6,6,7,4.97,1071,548,523,10814,7,7,7,13.38,2053,1094,959,12867,10,11,11,10.43,3710,1860,1850,16577,8,12,17,4.32,,,,,,,,,,,,,,,,,,,,,,,,,
b21dc810-6d50-4814-9daa-a5c65e649dcc,2025-08-02 11:23:30 UTC,False,26518,CFOP,Gan 12 UI Maglev,RandomForest,7379,26518,,,gan12,custom_rules,,,,8,0,0,26518,95,98,106,3.58,8347,18115,3456,0,3456,3512,8,8,10,2.31,4177,2316,1861,7689,8,8,11,4.3,4614,1047,3567,12303,15,15,15,4.21,1082,555,527,13385,6,7,7,11.39,2437,1938,499,15822,8,8,8,16.03,3471,1095,2376,19293,13,15,16,5.47,7225,1396,5829,26518,37,37,39,6.35,,,,,,,,,,,,,,,,,,,,,,,,,
6e3ece61-56b1-453f-a7ae-b190115b43df,2025-08-02 11:24:07 UTC,False,20030,CFOP,Gan 12 UI Maglev,RandomForest,7665,20030,,,gan12,custom_rules,,,,8,0,0,20030,83,85,92,4.14,8225,11805,2836,0,2836,2836,10,10,12,3.53,3651,1064,2587,6487,11,11,12,4.25,4391,1835,2556,10878,17,17,17,6.65,1234,588,646,12112,8,8,10,12.38,2127,1716,411,14239,9,9,9,21.9,2003,999,1004,16242,11,11,11,10.96,3788,2023,1765,20030,17,19,21,9.63,,,,,,,,,,,,,,,,,,,,,,,,,
d9f231b6-6063-4a09-b4e7-f62cd398702b,2025-08-02 11:24:43 UTC,False,13370,CFOP,Gan 12 UI Maglev,RandomForest,14003,13370,,,gan12,custom_rules,,,,8,0,0,13370,56,58,66,4.19,5233,8137,2426,0,2426,2426,7,7,7,2.89,1548,846,702,3974,8,8,9,11.4,2664,621,2043,6638,10,11,12,4.89,1282,338,944,7920,9,10,10,9.53,1177,1040,137,9097,4,4,5,29.2,2467,1573,894,11564,9,9,11,10.07,1806,815,991,13370,9,9,12,9.08,,,,,,,,,,,,,,,,,,,,,,,,,
aa84fa46-e88e-4335-8a8e-29323de8ef9d,2025-08-02 11:25:23 UTC,False,14789,CFOP,Gan 12 UI Maglev,RandomForest,16608,14789,,,gan12,custom_rules,,,,8,0,0,14789,61,62,75,4.12,6297,8492,1797,0,1797,1797,5,5,8,2.78,1620,1024,596,3417,6,6,7,10.07,1330,920,410,4747,5,5,6,12.2,2314,888,1426,7061,8,8,9,5.61,2378,1201,1177,9439,10,10,11,8.5,2296,966,1330,11735,13,13,15,9.77,3054,1298,1756,14789,14,15,19,7.97,,,,,,,,,,,,,,,,,,,,,,,,,
89ceba9b-d296-47d6-ac31-dfbb7905a2eb,2025-08-02 11:26:07 UTC,False,14221,CFOP,Gan 12 UI Maglev,RandomForest,19631,14221,,,gan12,custom_rules,,,,8,0,0,14221,69,71,82,4.85,6786,7435,2602,0,2602,2602,14,15,15,5.38,0,0,0,2602,0,0,0,0.0,2240,1613,627,4842,9,9,11,14.35,1654,1211,443,6496,6,6,7,13.54,1451,742,709,7947,10,10,12,14.1,2200,1112,1088,10147,13,13,15,11.95,4074,2108,1966,14221,17,18,22,8.65,,,,,,,,,,,,,,,,,,,,,,,,,
c07b546e-b4cb-48bb-a726-6d4550687700,2025-08-02 11:26:34 UTC,False,14079,CFOP,Gan 12 UI Maglev,RandomForest,3512,14079,,,gan12,custom_rules,,,,8,0,0,14079,58,59,69,4.12,7999,6024,805,0,805,861,4,4,6,4.97,1201,895,306,2062,3,3,3,9.8,2723,1354,1369,4785,11,11,12,8.04,2103,1820,283,6888,4,4,5,14.13,1861,1192,669,8749,8,8,10,11.96,2083,1143,940,10832,13,13,14,13.83,3247,1595,1652,14079,15,16,19,9.08,,,,,,,,,,,,,,,,,,,,,,,,,
0f6cb1f8-dfe5-468b-a49c-2b69c23a18dc,2025-08-02 11:27:04 UTC,False,13645,CFOP,Gan 12 UI Maglev,RandomForest,3747,13645,,,gan12,custom_rules,,,,8,0,0,13645,53,57,74,3.88,5971,7674,1939,0,1939,1939,6,6,9,3.09,1483,645,838,3422,8,8,10,9.55,2095,1845,250,5517,5,5,5,20.0,1959,1033,926,7476,8,8,10,8.64,1684,597,1087,9160,8,8,8,7.36,1950,886,1064,11110,9,9,12,8.46,2535,965,1570,13645,9,13,20,5.73,,,,,,,,,,,,,,,,,,,,,,,,,
6921239a-3e17-4b59-9dc8-2d0a1b0af808,2025-08-02 11:27:45 UTC,False,19221,CFOP,Gan 12 UI Maglev,RandomForest,12712,19221,,,gan12,custom_rules,,,,8,0,0,19221,69,72,78,3.59,6353,12803,2691,0,2691,2756,7,7,9,2.6,3401,927,2474,6157,11,11,11,4.45,2643,1765,878,8800,8,8,8,9.11,1297,676,621,10097,6,7,7,9.66,4838,1212,3626,14935,14,16,18,3.86,1401,677,724,16336,8,8,8,11.05,2885,1096,1789,19221,15,15,17,8.38,,,,,,,,,,,,,,,,,,,,,,,,,
5d8c4255-5348-41c3-8844-d42132a7cc6d,2025-08-02 11:28:30 UTC,False,25029,CFOP,Gan 12 UI Maglev,RandomForest,10221,25029,,,gan12,custom_rules,,,,8,0,0,25029,94,97,112,3.76,7412,17617,2006,0,2006,2006,9,9,10,4.49,4009,1459,2550,6015,15,15,18,5.88,4476,233,4243,10491,18,18,21,4.24,1176,548,628,11667,3,3,3,4.78,5469,1345,4124,17136,20,20,23,4.85,4768,2610,2158,21904,14,15,17,6.49,3125,1217,1908,25029,16,18,20,8.39,,,,,,,,,,,,,,,,,,,,,,,,,
39918198-6128-42c2-a8b7-14f042210bf3,2025-08-02 11:29:17 UTC,False,27824,CFOP,Gan 12 UI Maglev,RandomForest,10631,27824,,,gan12,custom_rules,,,,8,0,0,27824,107,108,117,3.85,9998,17826,1812,0,1812,1812,7,7,8,3.86,6035,4786,1249,7847,8,9,11,6.41,1683,1442,241,9530,4,4,5,16.6,2110,1047,1063,11640,12,12,12,11.29,1860,757,1103,13500,7,7,7,6.35,2975,1031,1944,16475,14,14,17,7.2,11349,935,10414,27824,55,55,57,5.28,,,,,,,,,,,,,,,,,,,,,,,,,
48e37f7f-8bf7-4db5-930b-89f7727c73dd,2025-08-02 11:30:00 UTC,False,18750,CFOP,Gan 12 UI Maglev,RandomForest,11304,18750,,,gan12,custom_rules,,,,8,0,0,18750,70,71,84,3.73,6009,12667,8287,0,8287,8361,25,25,32,3.02,0,0,0,8361,0,0,0,0.0,0,0,0,8361,0,0,0,0.0,2988,1627,1361,11349,12,12,13,8.82,2610,2054,556,13959,8,8,8,14.39,1399,773,626,15358,9,9,10,14.38,3392,1555,1837,18750,16,17,21,8.71,,,,,,,,,,,,,,,,,,,,,,,,,
c5777155-0265-4e02-86e8-d40f9f070f5a,2025-08-02 11:32:03 UTC,False,17997,CFOP,Gan 12 UI Maglev,RandomForest,12209,17997,,,gan12,custom_rules,,,,8,0,0,17997,65,70,78,3.61,6412,11585,4286,0,4286,4286,16,16,19,3.73,0,0,0,4286,0,0,0,0.0,3603,1371,2232,7889,10,11,13,4.48,2070,1071,999,9959,8,8,9,8.01,1070,900,170,11029,4,4,4,23.53,2271,1063,1208,13300,12,14,14,9.93,4697,2007,2690,17997,15,17,19,5.58,,,,,,,,,,,,,,,,,,,,,,,,,
bf98898e-35bd-4b5c-856d-446b4531fb99,2025-08-02 11:32:41 UTC,False,18730,CFOP,Gan 12 UI Maglev,RandomForest,8787,18730,,,gan12,custom_rules,,,,8,0,0,18730,71,71,78,3.79,9713,9017,2127,0,2127,2127,8,8,8,3.76,2353,1419,934,4480,9,9,9,9.64,2784,1673,1111,7264,8,8,8,7.2,3539,2240,1299,10803,9,9,10,6.93,2144,1216,928,12947,12,12,13,12.93,3196,2142,1054,16143,10,10,14,9.49,2587,1023,1564,18730,15,15,16,9.59,,,,,,,,,,,,,,,,,,,,,,,,,
bdf5471a-1885-42a2-9090-e690eb7eecd4,2025-08-02 11:33:14 UTC,False,14166,CFOP,Gan 12 UI Maglev,RandomForest,6733,14166,,,gan12,custom_rules,,,,8,0,0,14166,63,64,73,4.45,4284,9882,1643,0,1643,1643,8,8,9,4.87,2369,1104,1265,4012,8,8,9,6.32,2293,73,2220,6305,9,9,10,4.05,1966,814,1152,8271,10,10,11,8.68,1281,685,596,9552,7,7,8,11.74,1971,698,1273,11523,10,11,11,7.86,2643,910,1733,14166,12,12,15,6.92,,,,,,,,,,,,,,,,,,,,,,,,,
eb071851-303f-4794-a583-211078b46e74,2025-08-02 11:33:45 UTC,False,16939,CFOP,Gan 12 UI Maglev,RandomForest,4877,16939,,,gan12,custom_rules,,,,8,0,0,16939,74,76,84,4.37,6683,10256,1379,0,1379,1379,5,5,5,3.63,2329,1257,1072,3708,7,7,7,6.53,2914,1528,1386,6622,9,9,11,6.49,2144,1080,1064,8766,8,8,11,7.52,3412,588,2824,12178,19,19,19,6.73,1636,717,919,13814,10,10,10,10.88,3125,1513,1612,16939,16,18,21,9.93,,,,,,,,,,,,,,,,,,,,,,,,,
bc4aebcd-8407-4e18-a878-41558a85d5aa,2025-08-02 11:34:34 UTC,False,16888,CFOP,Gan 12 UI Maglev,RandomForest,22827,16888,,,gan12,custom_rules,,,,8,0,0,16888,67,68,77,3.97,7706,9182,1362,0,1362,1362,5,5,8,3.67,1993,935,1058,3355,9,10,11,8.51,3565,1544,2021,6920,12,12,15,5.94,2724,1612,1112,9644,7,7,7,6.29,2036,1423,613,11680,8,8,8,13.05,1385,540,845,13065,8,8,8,9.47,3823,1652,2171,16888,19,19,20,8.75,,,,,,,,,,,,,,,,,,,,,,,,,
9589bcec-5c8d-461e-b77e-5dcda1aeeb0e,2025-08-02 11:35:14 UTC,False,16080,CFOP,Gan 12 UI Maglev,RandomForest,13028,16080,,,gan12,custom_rules,,,,8,0,0,16080,68,68,80,4.23,7985,8095,1998,0,1998,1998,8,8,9,4.0,1468,863,605,3466,6,6,8,9.92,2261,1305,956,5727,7,7,7,7.32,2580,1773,807,8307,9,9,13,11.15,2307,1659,648,10614,8,8,8,12.35,2707,1273,1434,13321,13,13,16,9.07,2759,1112,1647,16080,17,17,19,10.32,,,,,,,,,,,,,,,,,,,,,,,,,
6fbf2fc2-f912-4c7e-a5e5-58b1c2525670,2025-08-02 11:35:57 UTC,False,14801,CFOP,Gan 12 UI Maglev,RandomForest,19477,14801,,,gan12,custom_rules,,,,8,0,0,14801,69,70,74,4.66,5866,8935,2860,0,2860,2860,12,13,14,4.2,0,0,0,2860,0,0,0,0.0,2530,1015,1515,5390,8,8,9,5.28,1917,1192,725,7307,12,12,13,16.55,2184,1201,983,9491,9,9,9,9.16,1403,879,524,10894,10,10,10,19.08,3907,1579,2328,14801,18,18,19,7.73,,,,,,,,,,,,,,,,,,,,,,,,,
910ae1e0-43fe-43b2-bab2-c93e56f1e892,2025-08-02 11:36:37 UTC,False,17589,CFOP,Gan 12 UI Maglev,RandomForest,11827,17589,,,gan12,custom_rules,,,,8,0,0,17589,72,77,84,4.09,382,17030,9832,0,9832,10009,33,35,36,3.36,0,0,0,10009,0,0,0,0.0,0,0,0,10009,0,0,0,0.0,7249,317,6932,17258,36,39,44,5.19,331,65,266,17589,3,3,4,11.28,0,0,0,17589,0,0,0,0.0,0,0,0,17589,0,0,0,0.0,,,,,,,,,,,,,,,,,,,,,,,,,
ecd52684-f8bc-4808-bd46-9e196e85a338,2025-08-02 11:37:13 UTC,False,13877,CFOP,Gan 12 UI Maglev,RandomForest,11153,13877,,,gan12,custom_rules,,,,8,0,0,13877,59,63,75,4.25,4360,9517,1434,0,1434,1434,5,5,6,3.49,2030,677,1353,3464,7,7,7,5.17,2219,307,1912,5683,8,8,9,4.18,2038,943,1095,7721,8,8,10,7.31,1781,798,983,9502,10,10,11,10.17,2505,757,1748,12007,12,12,13,6.86,1870,878,992,13877,9,13,19,9.07,,,,,,,,,,,,,,,,,,,,,,,,,
68a6a332-7ce5-4caf-a473-912426fac0a5,2025-08-02 11:37:55 UTC,False,19271,CFOP,Gan 12 UI Maglev,RandomForest,6880,19271,,,gan12,custom_rules,,,,8,0,0,19271,75,80,93,3.89,7497,11709,1385,0,1385,1450,6,6,8,4.33,2699,419,2280,4149,12,12,13,5.26,3007,789,2218,7156,11,11,13,4.96,3005,1676,1329,10161,8,8,10,6.02,3826,1964,1862,13987,11,13,15,5.91,1804,1175,629,15791,10,11,12,15.9,3480,1474,2006,19271,17,19,22,8.47,,,,,,,,,,,,,,,,,,,,,,,,,
a2e6870b-8de6-4a18-a101-6229642117f9,2025-08-02 11:38:32 UTC,False,13647,CFOP,Gan 12 UI Maglev,RandomForest,14211,13647,,,gan12,custom_rules,,,,8,0,0,13647,64,69,81,4.69,5078,8569,1426,0,1426,1426,6,6,8,4.21,2973,395,2578,4399,12,12,12,4.65,1525,631,894,5924,6,6,8,6.71,1249,516,733,7173,12,12,12,16.37,1877,1281,596,9050,9,9,10,15.1,2116,1150,966,11166,10,11,12,10.35,2481,1105,1376,13647,9,13,19,6.54,,,,,,,,,,,,,,,,,,,,,,,,,
557634e4-fe80-4185-98ed-1346e490f851,2025-08-02 11:38:57 UTC,False,13446,CFOP,Gan 12 UI Maglev,RandomForest,2832,13446,,,gan12,custom_rules,,,,8,0,0,13446,64,64,74,4.76,4216,9230,947,0,947,947,5,5,7,5.28,2642,829,1813,3589,12,12,15,6.62,2731,636,2095,6320,10,10,10,4.77,1749,556,1193,8069,7,7,8,5.87,1031,540,491,9100,7,7,7,14.26,1128,620,508,10228,9,9,9,17.72,3218,1035,2183,13446,15,15,18,6.87,,,,,,,,,,,,,,,,,,,,,,,,,
98e0a0c6-f214-4447-b3c5-5585f5872ac8,2025-08-02 11:40:23 UTC,False,15527,CFOP,Gan 12 UI Maglev,RandomForest,30700,15527,,,gan12,custom_rules,,,,8,0,0,15527,64,65,72,4.12,7958,7569,1378,0,1378,1378,5,5,5,3.63,1015,854,161,2393,4,4,4,24.84,1853,1039,814,4246,8,8,10,9.83,1738,940,798,5984,8,8,9,10.03,2216,1724,492,8200,9,9,10,18.29,3189,1619,1570,11389,15,15,16,9.55,4138,1782,2356,15527,15,16,18,6.37,,,,,,,,,,,,,,,,,,,,,,,,,
61127ff5-18b4-406b-be1b-93b0f5d5ce7e,2025-08-02 11:41:00 UTC,False,14080,CFOP,Gan 12 UI Maglev,RandomForest,20189,14080,,,gan12,custom_rules,,,,8,0,0,14080,70,71,75,4.97,6901,7179,548,0,548,548,4,4,4,7.3,1225,500,725,1773,12,12,12,16.55,3353,1660,1693,5126,12,12,13,7.09,3191,1668,1523,8317,9,9,9,5.91,1410,1072,338,9727,6,6,7,17.75,2524,1332,1192,12251,13,14,15,10.91,1829,669,1160,14080,14,14,15,12.07,,,,,,,,,,,,,,,,,,,,,,,,,
e4d094af-d6ed-4f85-91e3-297334cd8cf8,2025-08-02 13:00:32 UTC,False,24048,CFOP,Gan 12 UI Maglev,RandomForest,37630,24048,,,gan12,custom_rules,,,,8,0,0,24048,79,79,89,3.29,9696,14352,4984,0,4984,4984,17,17,21,3.41,0,0,0,4984,0,0,0,0.0,7204,3290,3914,12188,15,15,18,3.83,3995,2885,1110,16183,13,13,14,11.71,2409,1563,846,18592,8,8,8,9.46,1403,637,766,19995,8,8,8,10.44,4053,1321,2732,24048,18,18,20,6.59,,,,,,,,,,,,,,,,,,,,,,,,,
2aeed288-fb73-416c-ab4e-13614c90a0dd,2025-08-02 13:01:47 UTC,False,21776,CFOP,Gan 12 UI Maglev,RandomForest,24596,21776,,,gan12,custom_rules,,,,8,0,0,21776,72,77,96,3.31,5358,16362,11121,0,11121,11177,29,31,42,2.61,0,0,0,11177,0,0,0,0.0,0,0,0,11177,0,0,0,0.0,2075,1350,725,13252,8,8,9,11.03,2310,1474,836,15562,8,8,11,9.57,2975,1200,1775,18537,11,13,15,6.2,3239,1334,1905,21776,16,17,19,8.4,,,,,,,,,,,,,,,,,,,,,,,,,
df37142c-e530-4122-b64b-141faeee58dc,2025-08-02 13:02:32 UTC,False,22407,CFOP,Gan 12 UI Maglev,RandomForest,9382,22407,,,gan12,custom_rules,,,,8,0,0,22407,64,70,83,2.86,8725,13682,2820,0,2820,2820,7,7,9,2.48,4581,2227,2354,7401,12,12,15,5.1,1932,1078,854,9333,8,8,9,9.37,5596,1222,4374,14929,9,9,10,2.06,2392,1547,845,17321,7,7,8,8.28,2892,1531,1361,20213,12,14,14,8.82,2194,1120,1074,22407,9,13,18,8.38,,,,,,,,,,,,,,,,,,,,,,,,,
47ff6c79-ee6f-4e9c-ae48-8c9db67beeea,2025-08-02 13:03:40 UTC,False,15025,CFOP,Gan 12 UI Maglev,RandomForest,44002,15025,,,gan12,custom_rules,,,,8,0,0,15025,69,70,80,4.59,7072,7953,507,0,507,507,3,3,4,5.92,1966,1185,781,2473,6,7,8,7.68,1547,709,838,4020,8,8,9,9.55,2301,507,1794,6321,11,11,15,6.13,1288,1119,169,7609,4,4,5,23.67,4557,2312,2245,12166,20,20,21,8.91,2859,1240,1619,15025,17,17,18,10.5,,,,,,,,,,,,,,,,,,,,,,,,,
2db503d0-a967-41c9-84dd-6621b237e87a,2025-08-02 13:04:17 UTC,False,12902,CFOP,Gan 12 UI Maglev,RandomForest,8424,12902,,,gan12,custom_rules,,,,8,0,0,12902,58,60,68,4.5,5066,7836,1925,0,1925,1925,6,6,8,3.12,1885,1176,709,3810,6,7,7,8.46,1215,516,699,5025,6,7,7,8.58,1321,113,1208,6346,8,8,9,6.62,1410,838,572,7756,8,8,8,13.99,2054,773,1281,9810,12,12,13,9.37,3092,1650,1442,12902,12,12,16,8.32,,,,,,,,,,,,,,,,,,,,,,,,,
01e8842d-90bc-4cdb-8286-e2b66fabbb75,2025-08-02 13:05:00 UTC,False,16075,CFOP,Gan 12 UI Maglev,RandomForest,9529,16075,,,gan12,custom_rules,,,,8,0,0,16075,46,50,66,2.86,8114,7961,2601,0,2601,2601,7,7,9,2.69,3284,1410,1874,5885,5,5,6,2.67,2448,1506,942,8333,8,8,9,8.49,2824,2138,686,11157,9,9,10,13.12,1891,1344,547,13048,8,8,9,14.63,0,0,0,13048,0,0,0,0.0,3027,1716,1311,16075,9,13,23,6.86,,,,,,,,,,,,,,,,,,,,,,,,,
c4ae5ff2-e687-4268-a096-48b1a0c86b2c,2025-08-02 13:05:38 UTC,False,17321,CFOP,Gan 12 UI Maglev,RandomForest,8733,17321,,,gan12,custom_rules,,,,8,0,0,17321,74,74,81,4.27,4939,12382,2240,0,2240,2240,8,8,10,3.57,2256,419,1837,4496,11,11,11,5.99,3449,701,2748,7945,7,7,9,2.55,919,307,612,8864,8,8,8,13.07,2143,1337,806,11007,9,9,10,11.17,1926,1095,831,12933,11,11,11,13.24,4388,1080,3308,17321,20,20,22,6.05,,,,,,,,,,,,,,,,,,,,,,,,,
77957fb7-b073-4bb4-93bf-7440a9a6e1fa,2025-08-02 13:06:33 UTC,False,28261,CFOP,Gan 12 UI Maglev,RandomForest,16320,28261,,,gan12,custom_rules,,,,8,0,0,28261,84,90,98,2.97,6744,21453,12805,0,12805,12869,25,31,35,1.95,0,0,0,12869,0,0,0,0.0,3021,1966,1055,15890,9,9,10,8.53,2451,1041,1410,18341,8,8,10,5.67,1491,1144,347,19832,5,5,5,14.41,4618,773,3845,24450,19,19,20,4.94,3811,1820,1991,28261,18,18,18,9.04,,,,,,,,,,,,,,,,,,,,,,,,,
b1cce76b-8993-4117-90b0-7c6bd7e65aa9,2025-08-02 13:07:22 UTC,False,21846,CFOP,Gan 12 UI Maglev,RandomForest,15342,21846,,,gan12,custom_rules,,,,8,0,0,21846,68,68,83,3.11,8887,12959,2344,0,2344,2344,7,7,9,2.99,5604,1764,3840,7948,12,12,13,3.13,3179,1587,1592,11127,8,8,9,5.03,1498,492,1006,12625,7,7,9,6.96,3229,2619,610,15854,9,9,9,14.75,2675,975,1700,18529,14,14,18,8.24,3317,1450,1867,21846,12,12,16,6.43,,,,,,,,,,,,,,,,,,,,,,,,,
c1606431-a228-4a05-8cdc-32e5f0b119b3,2025-08-02 13:08:23 UTC,False,22683,CFOP,Gan 12 UI Maglev,RandomForest,28227,22683,,,gan12,custom_rules,,,,8,0,0,22683,89,91,99,3.92,6791,15892,2546,0,2546,2546,6,6,6,2.36,1494,468,1026,4040,9,10,10,8.77,7641,1027,6614,11681,23,24,25,3.48,1362,903,459,13043,8,8,9,17.43,2959,2112,847,16002,10,10,12,11.81,2273,669,1604,18275,13,13,16,8.1,4408,1612,2796,22683,20,20,21,7.15,,,,,,,,,,,,,,,,,,,,,,,,,
6306e679-10c7-4b18-913b-2e489c8f307a,2025-08-02 13:09:04 UTC,False,18976,CFOP,Gan 12 UI Maglev,RandomForest,10822,18976,,,gan12,custom_rules,,,,8,0,0,18976,63,65,74,3.32,9780,9196,2586,0,2586,2586,8,8,9,3.09,2192,1419,773,4778,8,8,9,10.35,2774,1630,1144,7552,10,11,13,8.74,3614,1596,2018,11166,11,11,12,5.45,4117,3287,830,15283,8,8,9,9.64,1662,873,789,16945,9,10,10,11.41,2031,975,1056,18976,9,9,12,8.52,,,,,,,,,,,,,,,,,,,,,,,,,
97549831-9135-4c6f-9275-bdff3796d409,2025-08-02 13:09:41 UTC,False,13621,CFOP,Gan 12 UI Maglev,RandomForest,14764,13621,,,gan12,custom_rules,,,,8,0,0,13621,51,56,74,3.74,6105,7516,918,0,918,918,4,4,5,4.36,2393,725,1668,3311,7,7,7,4.2,2197,660,1537,5508,11,12,13,7.16,2111,1087,1024,7619,7,7,8,6.84,2126,1491,635,9745,9,9,12,14.17,1834,1116,718,11579,7,7,9,9.75,2042,1026,1016,13621,7,11,20,6.89,,,,,,,,,,,,,,,,,,,,,,,,,
24a5001a-352f-4a16-9d49-7f869765934e,2025-08-02 13:10:14 UTC,False,13065,CFOP,Gan 12 UI Maglev,RandomForest,10081,13065,,,gan12,custom_rules,,,,8,0,0,13065,65,65,72,4.98,5605,7460,1273,0,1273,1273,5,5,5,3.93,1829,483,1346,3102,8,8,9,5.94,1676,983,693,4778,8,8,9,11.54,2078,627,1451,6856,11,11,13,7.58,2490,2014,476,9346,9,9,9,18.91,1680,902,778,11026,9,9,10,11.57,2039,596,1443,13065,16,16,17,11.09,,,,,,,,,,,,,,,,,,,,,,,,,
dca2ac93-216b-4b47-b607-9eebe6115bf1,2025-08-02 13:10:51 UTC,False,18022,CFOP,Gan 12 UI Maglev,RandomForest,7899,18022,,,gan12,custom_rules,,,,8,0,0,18022,67,68,76,3.72,7929,10093,2921,0,2921,2921,6,6,10,2.05,2026,1317,709,4947,8,8,8,11.28,2632,1189,1443,7579,7,7,7,4.85,2087,1434,653,9666,7,7,8,10.72,2078,1426,652,11744,10,10,10,15.34,2232,798,1434,13976,13,13,13,9.07,4046,1765,2281,18022,16,17,20,7.01,,,,,,,,,,,,,,,,,,,,,,,,,
56fd0eb6-3362-49f6-a962-65c0c140106c,2025-08-02 13:11:24 UTC,False,14730,CFOP,Gan 12 UI Maglev,RandomForest,7650,14730,,,gan12,custom_rules,,,,8,0,0,14730,63,63,67,4.28,7173,7557,1748,0,1748,1748,5,5,5,2.86,3698,2134,1564,5446,13,13,13,8.31,1289,564,725,6735,7,7,7,9.66,1724,822,902,8459,8,8,10,8.87,1305,1120,185,9764,4,4,5,21.62,1783,897,886,11547,11,11,11,12.42,3183,1636,1547,14730,15,15,16,9.7,,,,,,,,,,,,,,,,,,,,,,,,,
0633d909-4cf1-43b6-8e03-0e44adab05c4,2025-08-02 13:12:10 UTC,False,20052,CFOP,Gan 12 UI Maglev,RandomForest,13981,20052,,,gan12,custom_rules,,,,8,0,0,20052,69,75,90,3.44,6275,13777,2030,0,2030,2030,9,9,12,4.43,0,0,0,2030,0,0,0,0.0,3466,1176,2290,5496,11,11,11,4.8,2071,1539,532,7567,8,8,8,15.04,7509,1023,6486,15076,23,25,28,3.55,2051,1052,999,17127,11,11,15,11.01,2925,1485,1440,20052,7,11,16,4.86,,,,,,,,,,,,,,,,,,,,,,,,,
17190882-ce0e-4347-afbc-50376aa99d6f,2025-08-02 13:12:52 UTC,False,26200,CFOP,Gan 12 UI Maglev,RandomForest,6789,26200,,,gan12,custom_rules,,,,8,0,0,26200,78,80,91,2.98,8972,17228,2554,0,2554,2554,8,8,9,3.13,3782,2425,1357,6336,10,10,12,7.37,2280,935,1345,8616,7,7,10,5.2,6163,1459,4704,14779,18,18,19,3.83,2097,800,1297,16876,8,8,9,6.17,3683,823,2860,20559,11,11,11,3.85,5641,2530,3111,26200,16,18,21,5.14,,,,,,,,,,,,,,,,,,,,,,,,,
b9347162-1b09-45a2-a9b6-847f06161bb8,2025-08-02 13:13:20 UTC,False,14452,CFOP,Gan 12 UI Maglev,RandomForest,4221,14452,,,gan12,custom_rules,,,,8,0,0,14452,64,67,71,4.43,6354,8098,1450,0,1450,1450,8,8,9,5.52,3007,1282,1725,4457,12,12,13,6.96,1154,483,671,5611,7,7,7,10.43,2378,2081,297,7989,5,5,5,16.84,725,597,128,8714,4,4,4,31.25,2135,1137,998,10849,11,13,14,11.02,3603,774,2829,14452,17,18,19,6.01,,,,,,,,,,,,,,,,,,,,,,,,,
372ad666-0a22-41fa-b736-d47c454aad50,2025-08-02 13:13:58 UTC,False,19879,CFOP,Gan 12 UI Maglev,RandomForest,7779,19879,,,gan12,custom_rules,,,,8,0,0,19879,63,63,73,3.17,8574,11305,5026,0,5026,5026,9,9,11,1.79,2780,1579,1201,7806,8,8,10,6.66,3005,2208,797,10811,7,7,8,8.78,2442,1443,999,13253,8,8,8,8.01,2105,1209,896,15358,8,8,8,8.93,2361,1257,1104,17719,13,13,15,11.78,2160,878,1282,19879,10,10,13,7.8,,,,,,,,,,,,,,,,,,,,,,,,,
304372f6-f347-4185-b147-ad81abd333ae,2025-08-02 13:14:52 UTC,False,26579,CFOP,Gan 12 UI Maglev,RandomForest,16635,26579,,,gan12,custom_rules,,,,8,0,0,26579,86,88,95,3.24,7741,18838,5090,0,5090,5090,9,9,10,1.77,2795,1425,1370,7885,8,8,8,5.84,4203,1322,2881,12088,9,9,10,3.12,1821,1240,581,13909,7,7,8,12.05,2630,668,1962,16539,12,12,12,6.12,6668,1571,5097,23207,25,25,27,4.9,3372,1515,1857,26579,16,18,20,8.62,,,,,,,,,,,,,,,,,,,,,,,,,
f3b1f9cb-175e-499f-adeb-b72e2a3d0fa7,2025-08-02 13:16:19 UTC,False,17275,CFOP,Gan 12 UI Maglev,RandomForest,13737,17275,,,gan12,custom_rules,,,,8,0,0,17275,78,79,87,4.52,7573,9702,1925,0,1925,1925,8,8,9,4.16,1862,960,902,3787,8,8,9,8.87,2933,943,1990,6720,15,16,16,7.54,2905,1148,1757,9625,11,11,13,6.26,2313,1693,620,11938,8,8,9,12.9,1966,1088,878,13904,10,10,10,11.39,3371,1741,1630,17275,18,18,21,11.04,,,,,,,,,,,,,,,,,,,,,,,,,
13326f2e-53b3-4d12-8f19-055fd1ddbcc2,2025-08-02 13:16:49 UTC,False,16409,CFOP,Gan 12 UI Maglev,RandomForest,4825,16409,,,gan12,custom_rules,,,,8,0,0,16409,66,66,75,4.02,6844,9565,2603,0,2603,2603,10,10,11,3.84,1870,637,1233,4473,14,14,15,11.35,2592,1835,757,7065,6,6,8,7.93,2289,951,1338,9354,8,8,9,5.98,1482,418,1064,10836,8,8,9,7.52,1585,634,951,12421,9,9,9,9.46,3988,2369,1619,16409,11,11,14,6.79,,,,,,,,,,,,,,,,,,,,,,,,,
b1e7b793-3306-4c46-b6db-de60e385dd51,2025-08-02 13:17:22 UTC,False,16382,CFOP,Gan 12 UI Maglev,RandomForest,7468,16382,,,gan12,custom_rules,,,,8,0,0,16382,64,65,73,3.91,6931,9451,1595,0,1595,1595,6,6,7,3.76,2215,951,1264,3810,8,8,10,6.33,1464,516,948,5274,7,7,8,7.38,2481,1579,902,7755,7,7,7,7.76,3542,1459,2083,11297,8,8,8,3.84,2465,1079,1386,13762,12,12,14,8.66,2620,1347,1273,16382,16,17,19,12.57,,,,,,,,,,,,,,,,,,,,,,,,,
3edb3fc0-06d4-489c-ba3c-3f66ba5896c1,2025-08-02 13:18:11 UTC,False,17334,CFOP,Gan 12 UI Maglev,RandomForest,19918,17334,,,gan12,custom_rules,,,,8,0,0,17334,59,59,65,3.4,8628,8706,2409,0,2409,2409,5,5,6,2.08,926,661,265,3335,5,5,6,18.87,3504,1515,1989,6839,11,11,11,5.53,1885,990,895,8724,7,7,7,7.82,2811,2562,249,11535,4,4,4,16.06,2635,1853,782,14170,8,8,11,10.23,3164,1047,2117,17334,19,19,20,8.97,,,,,,,,,,,,,,,,,,,,,,,,,
8336b878-abc2-41a5-aaef-1cf326d0b956,2025-08-02 13:18:58 UTC,False,16375,CFOP,Gan 12 UI Maglev,RandomForest,18218,16375,,,gan12,custom_rules,,,,8,0,0,16375,62,63,74,3.79,7437,8938,1692,0,1692,1692,5,6,7,2.96,3215,750,2465,4907,9,9,10,3.65,2489,1434,1055,7396,8,8,10,7.58,2289,1782,507,9685,9,9,10,17.75,2011,1504,507,11696,8,8,9,15.78,1700,911,789,13396,8,8,10,10.14,2979,1056,1923,16375,15,15,18,7.8,,,,,,,,,,,,,,,,,,,,,,,,,
8e52405e-5c4a-4d1c-b92a-ca23903f07ac,2025-08-02 13:19:48 UTC,False,13268,CFOP,Gan 12 UI Maglev,RandomForest,23779,13268,,,gan12,custom_rules,,,,8,0,0,13268,59,61,69,4.45,6527,6741,773,0,773,773,4,4,5,5.17,1241,346,895,2014,7,7,8,7.82,1072,951,121,3086,4,4,4,33.06,2695,1933,762,5781,9,9,10,11.81,2595,629,1966,8376,10,12,13,5.09,1756,886,870,10132,8,8,9,9.2,3136,1782,1354,13268,17,17,20,12.56,,,,,,,,,,,,,,,,,,,,,,,,,
c2ffd71f-5982-4bc7-b2a3-683cd746ce0a,2025-08-02 13:20:25 UTC,False,16562,CFOP,Gan 12 UI Maglev,RandomForest,9520,16562,,,gan12,custom_rules,,,,8,0,0,16562,73,78,90,4.41,5566,10996,1160,0,1160,1160,5,5,7,4.31,1403,581,822,2563,6,7,7,7.3,1297,507,790,3860,7,7,9,8.86,2614,757,1857,6474,11,11,11,5.92,2434,1450,984,8908,10,10,13,10.16,4475,773,3702,13383,17,20,22,4.59,3179,1498,1681,16562,17,18,21,10.11,,,,,,,,,,,,,,,,,,,,,,,,,
7aa82994-e308-4420-a6a0-106d84cd54d7,2025-08-02 13:21:02 UTC,False,17732,CFOP,Gan 12 UI Maglev,RandomForest,8731,17732,,,gan12,custom_rules,,,,8,0,0,17732,76,77,87,4.29,8154,9578,1804,0,1804,1804,8,8,8,4.43,2861,2305,556,4665,7,7,7,12.59,1769,955,814,6434,8,8,10,9.83,1837,1241,596,8271,8,8,8,13.42,1627,1031,596,9898,8,8,10,13.42,3931,975,2956,13829,18,18,20,6.09,3903,1647,2256,17732,19,20,24,8.42,,,,,,,,,,,,,,,,,,,,,,,,,
43327283-f3c2-4dd2-86d4-4481321bb47a,2025-08-02 13:21:36 UTC,False,18578,CFOP,Gan 12 UI Maglev,RandomForest,4082,18578,,,gan12,custom_rules,,,,8,0,0,18578,84,84,90,4.52,6542,12036,991,0,991,991,5,5,6,5.05,1917,588,1329,2908,9,9,10,6.77,2920,1717,1203,5828,7,7,7,5.82,1732,1096,636,7560,8,8,9,12.58,1917,1104,813,9477,7,7,7,8.61,2052,957,1095,11529,12,12,13,10.96,7049,1080,5969,18578,36,36,38,6.03,,,,,,,,,,,,,,,,,,,,,,,,,
fd3dd6ff-9fea-4982-b708-66214d9bd230,2025-08-02 13:22:23 UTC,False,17055,CFOP,Gan 12 UI Maglev,RandomForest,17351,17055,,,gan12,custom_rules,,,,8,0,0,17055,66,69,76,3.87,7512,9543,749,0,749,749,3,4,4,4.01,1861,1248,613,2610,8,8,9,13.05,5016,2543,2473,7626,11,11,12,4.45,2030,773,1257,9656,8,8,9,6.36,1083,354,729,10739,7,7,9,9.6,2860,1402,1458,13599,12,14,15,8.23,3456,1192,2264,17055,18,18,18,7.95,,,,,,,,,,,,,,,,,,,,,,,,,
a96f11f3-4096-49cc-8a4b-e32716ef7068,2025-08-02 13:22:53 UTC,False,14185,CFOP,Gan 12 UI Maglev,RandomForest,5786,14185,,,gan12,custom_rules,,,,8,0,0,14185,56,61,73,3.95,6506,7615,1990,0,1990,2054,6,6,7,3.02,822,685,137,2876,4,4,4,29.2,1982,1192,790,4858,8,8,10,10.13,2596,1210,1386,7454,9,9,10,6.49,2603,1539,1064,10057,8,8,10,7.52,2098,905,1193,12155,12,13,13,10.06,2030,975,1055,14185,9,13,19,8.53,,,,,,,,,,,,,,,,,,,,,,,,,
e87c7608-1493-4c4c-a8a2-bada923c13a7,2025-08-02 13:23:23 UTC,False,16710,CFOP,Gan 12 UI Maglev,RandomForest,4016,16710,,,gan12,custom_rules,,,,8,0,0,16710,69,70,83,4.13,5801,10909,2224,0,2224,2224,6,6,9,2.7,3010,1612,1398,5234,9,9,10,6.44,1483,242,1241,6717,7,7,8,5.64,1692,773,919,8409,8,8,9,8.71,2817,782,2035,11226,12,12,13,5.9,2288,974,1314,13514,12,12,13,9.13,3196,1418,1778,16710,16,17,21,9.0,,,,,,,,,,,,,,,,,,,,,,,,,
8d77f373-a6f8-4df4-96e8-10dfa3918f91,2025-08-02 13:24:01 UTC,False,17770,CFOP,Gan 12 UI Maglev,RandomForest,10952,17770,,,gan12,custom_rules,,,,8,0,0,17770,79,80,84,4.45,7304,10466,2103,0,2103,2103,8,8,8,3.8,2698,1555,1143,4801,9,10,11,7.87,3740,879,2861,8541,9,9,10,3.15,1313,910,403,9854,4,4,4,9.93,1896,1356,540,11750,8,8,8,14.81,2498,1096,1402,14248,18,18,18,12.84,3522,1508,2014,17770,23,23,25,11.42,,,,,,,,,,,,,,,,,,,,,,,,,
4878a7cf-684a-4c93-a8fe-03c6fd551e32,2025-08-02 13:24:35 UTC,False,16830,CFOP,Gan 12 UI Maglev,RandomForest,8509,16830,,,gan12,custom_rules,,,,8,0,0,16830,77,78,86,4.58,3447,13383,8825,0,8825,8825,33,33,38,3.74,0,0,0,8825,0,0,0,0.0,0,0,0,8825,0,0,0,0.0,2113,976,1137,10938,9,10,11,7.92,1270,585,685,12208,7,7,8,10.22,1386,814,572,13594,7,7,7,12.24,3236,1072,2164,16830,21,21,22,9.7,,,,,,,,,,,,,,,,,,,,,,,,,
0cb0a70e-a0da-44d5-8d60-2c69a54568b9,2025-08-02 13:25:09 UTC,False,13211,CFOP,Gan 12 UI Maglev,RandomForest,10757,13211,,,gan12,custom_rules,,,,8,0,0,13211,57,58,64,4.31,5748,7463,1241,0,1241,1241,5,5,6,4.03,2135,1128,1007,3376,9,9,10,8.94,661,460,201,4037,4,4,4,19.9,2033,1421,612,6070,7,7,7,11.44,1765,935,830,7835,8,8,9,9.64,2749,854,1895,10584,10,11,11,5.28,2627,950,1677,13211,14,14,17,8.35,,,,,,,,,,,,,,,,,,,,,,,,,
ee7713d3-d5c0-478d-934d-f4741758a55d,2025-08-02 13:25:57 UTC,False,18831,CFOP,Gan 12 UI Maglev,RandomForest,16008,18831,,,gan12,custom_rules,,,,8,0,0,18831,79,80,90,4.2,6793,12038,991,0,991,991,4,4,6,4.04,2200,1201,999,3191,7,7,8,7.01,2713,1764,949,5904,9,9,10,9.48,1708,806,902,7612,8,8,8,8.87,2716,1507,1209,10328,12,12,12,9.93,1821,677,1144,12149,10,11,11,8.74,6682,838,5844,18831,29,29,35,4.96,,,,,,,,,,,,,,,,,,,,,,,,,
4aa680da-10dc-48ea-af38-c8f8e23636ad,2025-08-02 13:26:35 UTC,False,15459,CFOP,Gan 12 UI Maglev,RandomForest,13480,15459,,,gan12,custom_rules,,,,8,0,0,15459,70,72,80,4.53,5422,10037,3424,0,3424,3424,16,16,20,4.67,0,0,0,3424,0,0,0,0.0,2195,1055,1140,5619,7,7,7,6.14,1917,684,1233,7536,9,9,9,7.3,1700,1224,476,9236,8,8,9,16.81,2660,1001,1659,11896,14,15,15,8.44,3563,1458,2105,15459,16,17,20,7.6,,,,,,,,,,,,,,,,,,,,,,,,,
a1e79586-d061-4ef9-bba4-869fcd97dbdc,2025-08-02 13:27:10 UTC,False,16606,CFOP,Gan 12 UI Maglev,RandomForest,5793,16606,,,gan12,custom_rules,,,,8,0,0,16606,74,74,85,4.46,7150,9456,1314,0,1314,1314,7,7,9,5.33,2884,1869,1015,4198,9,9,11,8.87,3689,925,2764,7887,12,12,15,4.34,1652,709,943,9539,8,8,9,8.48,2021,1279,742,11560,8,8,9,10.78,2022,1111,911,13582,12,12,14,13.17,3024,1257,1767,16606,18,18,18,10.19,,,,,,,,,,,,,,,,,,,,,,,,,
00a44f4f-21eb-4fd3-851e-d2a9318e7d72,2025-08-02 13:27:51 UTC,False,17406,CFOP,Gan 12 UI Maglev,RandomForest,13463,17406,,,gan12,custom_rules,,,,8,0,0,17406,72,72,83,4.14,4843,12466,5523,0,5523,5620,15,15,18,2.72,0,0,0,5620,0,0,0,0.0,1402,773,629,7022,5,5,6,7.95,1757,895,862,8779,8,8,10,9.28,1900,1362,538,10679,8,8,8,14.87,2167,902,1265,12846,10,10,13,7.91,4560,911,3649,17406,26,26,28,7.13,,,,,,,,,,,,,,,,,,,,,,,,,
94048f14-c7d0-4b86-93c5-857d8152be13,2025-08-02 13:28:36 UTC,False,18515,CFOP,Gan 12 UI Maglev,RandomForest,14722,18515,,,gan12,custom_rules,,,,8,0,0,18515,77,78,88,4.16,6045,12470,2885,0,2885,2885,9,9,10,3.12,2889,1289,1600,5774,9,10,11,5.63,1781,299,1482,7555,10,10,10,6.75,4339,1306,3033,11894,16,16,20,5.28,1354,750,604,13248,4,4,4,6.62,2890,1289,1601,16138,18,18,19,11.24,2377,1112,1265,18515,11,11,14,8.7,,,,,,,,,,,,,,,,,,,,,,,,,
a8a5d5c2-7a6d-49a1-9a38-3001b2acaa17,2025-08-02 13:29:19 UTC,False,16633,CFOP,Gan 12 UI Maglev,RandomForest,10761,16633,,,gan12,custom_rules,,,,8,0,0,16633,72,72,83,4.33,5166,11467,2352,0,2352,2352,9,9,11,3.83,2673,854,1819,5025,8,8,11,4.4,2828,564,2264,7853,12,12,14,5.3,2546,1080,1466,10399,8,8,8,5.46,1603,757,846,12002,8,8,11,9.46,1467,710,757,13469,9,9,9,11.89,3164,1201,1963,16633,18,18,19,9.17,,,,,,,,,,,,,,,,,,,,,,,,,
ae559981-267d-4e5f-ac8e-fc3e20db763f,2025-08-02 13:30:22 UTC,False,16002,CFOP,Gan 12 UI Maglev,RandomForest,37328,16002,,,gan12,custom_rules,,,,8,0,0,16002,65,67,73,4.06,7117,8885,2336,0,2336,2336,7,7,8,3.0,1643,1249,394,3979,4,4,4,10.15,1838,339,1499,5817,9,10,10,6.0,2650,1753,897,8467,9,10,10,10.03,2206,1641,565,10673,7,7,8,12.39,2256,870,1386,12929,12,12,14,8.66,3073,1265,1808,16002,17,17,19,9.4,,,,,,,,,,,,,,,,,,,,,,,,,
ba9f2f1f-185e-4504-aba9-a6c9055c11b3,2025-08-02 13:30:53 UTC,False,14721,CFOP,Gan 12 UI Maglev,RandomForest,5637,14721,,,gan12,custom_rules,,,,8,0,0,14721,70,70,74,4.76,6052,8669,2707,0,2707,2707,9,9,10,3.32,895,613,282,3602,3,3,3,10.64,1571,983,588,5173,9,9,9,15.31,3150,1394,1756,8323,11,11,12,6.26,1507,943,564,9830,8,8,9,14.18,1918,709,1209,11748,11,11,12,9.1,2973,1410,1563,14721,19,19,19,12.16,,,,,,,,,,,,,,,,,,,,,,,,,
08178483-d5ac-4bd2-b429-1b4b1c30a80b,2025-08-02 13:31:35 UTC,False,20673,CFOP,Gan 12 UI Maglev,RandomForest,10246,20673,,,gan12,custom_rules,,,,8,0,0,20673,88,89,103,4.26,5942,14731,6975,0,6975,6975,16,17,20,2.29,0,0,0,6975,0,0,0,0.0,1724,806,918,8699,8,8,10,8.71,1370,677,693,10069,11,11,11,15.87,2856,1897,959,12925,9,9,11,9.38,1967,1314,653,14892,7,7,9,10.72,5781,1248,4533,20673,37,37,42,8.16,,,,,,,,,,,,,,,,,,,,,,,,,
277b3448-859d-473c-a2a7-8adee072cdd4,2025-08-02 13:32:13 UTC,False,18478,CFOP,Gan 12 UI Maglev,RandomForest,5779,18478,,,gan12,custom_rules,,,,8,0,0,18478,66,67,74,3.57,10656,7822,2385,0,2385,2385,9,9,10,3.77,2922,2225,697,5307,7,7,7,10.04,4391,3876,515,9698,10,10,12,19.42,2820,2539,281,12518,4,4,4,14.23,1467,476,991,13985,7,7,10,7.06,1724,685,1039,15709,9,10,10,8.66,2769,855,1914,18478,20,20,21,10.45,,,,,,,,,,,,,,,,,,,,,,,,,
62459175-246d-4a6a-a8f0-bd6e377305c2,2025-08-02 13:32:40 UTC,False,13623,CFOP,Gan 12 UI Maglev,RandomForest,4422,13623,,,gan12,custom_rules,,,,8,0,0,13623,65,66,74,4.77,5522,8101,1119,0,1119,1119,6,6,6,5.36,1684,991,693,2803,6,7,7,8.66,2233,1064,1169,5036,8,8,10,6.84,1637,807,830,6673,11,11,11,13.25,2280,991,1289,8953,9,9,11,6.98,2180,669,1511,11133,10,10,13,6.62,2490,1000,1490,13623,15,15,16,10.07,,,,,,,,,,,,,,,,,,,,,,,,,
434b674b-84d8-416f-ac02-86d77caf0f9a,2025-08-02 13:33:23 UTC,False,20793,CFOP,Gan 12 UI Maglev,RandomForest,13167,20793,,,gan12,custom_rules,,,,8,0,0,20793,71,71,79,3.41,6991,13746,3400,0,3400,3456,11,11,12,3.24,3721,1112,2609,7177,10,10,12,3.83,4399,2361,2038,11576,12,12,13,5.89,1706,667,1039,13282,8,8,8,7.7,1483,1007,476,14765,8,8,8,16.81,3588,668,2920,18353,12,12,12,4.11,2440,1176,1264,20793,10,10,14,7.91,,,,,,,,,,,,,,,,,,,,,,,,,
c5e8b120-3cc9-4dfd-ac31-1beff390463b,2025-08-02 13:33:51 UTC,False,13441,CFOP,Gan 12 UI Maglev,RandomForest,4678,13441,,,gan12,custom_rules,,,,8,0,0,13441,55,59,68,4.09,6427,7014,1773,0,1773,1773,7,7,7,3.95,2561,990,1571,4334,8,8,10,5.09,1480,820,660,5814,8,8,9,12.12,2675,2070,605,8489,8,8,8,13.22,1514,620,894,10003,7,7,7,7.83,1621,895,726,11624,8,8,9,11.02,1817,1032,785,13441,9,13,18,11.46,,,,,,,,,,,,,,,,,,,,,,,,,
ba9d6593-64dc-4035-9352-4aa1235ee2ea,2025-08-02 13:35:13 UTC,False,27214,CFOP,Gan 12 UI Maglev,RandomForest,32082,27214,,,gan12,custom_rules,,,,8,0,0,27214,91,92,101,3.34,9275,17939,6221,0,6221,6221,8,8,8,1.29,3384,2216,1168,9605,8,8,9,6.85,2352,1160,1192,11957,8,8,8,6.71,3875,1628,2247,15832,10,11,11,4.45,2854,2112,742,18686,8,8,8,10.78,4596,1007,3589,23282,21,21,27,5.85,3932,1152,2780,27214,28,28,30,10.07,,,,,,,,,,,,,,,,,,,,,,,,,
3f343be4-5ef0-4035-b49a-9c12837df8fd,2025-08-02 13:35:50 UTC,False,20535,CFOP,Gan 12 UI Maglev,RandomForest,6588,20535,,,gan12,custom_rules,,,,8,0,0,20535,69,72,91,3.36,7589,12946,1856,0,1856,1856,8,10,16,4.31,5171,932,4239,7027,10,10,11,2.36,1693,629,1064,8720,7,7,8,6.58,2085,1844,241,10805,4,4,5,16.6,3368,1998,1370,14173,11,11,13,8.03,1447,612,835,15620,7,7,8,8.38,4915,1574,3341,20535,22,23,30,6.58,,,,,,,,,,,,,,,,,,,,,,,,,
4e69f3de-272b-4474-8cfa-bf5ca1eb4e9e,2025-08-02 13:36:25 UTC,False,16618,CFOP,Gan 12 UI Maglev,RandomForest,9731,16618,,,gan12,custom_rules,,,,8,0,0,16618,57,59,68,3.43,4532,12086,7694,0,7694,7694,20,21,27,2.6,0,0,0,7694,0,0,0,0.0,2232,822,1410,9926,10,11,11,7.09,2832,1712,1120,12758,9,9,10,8.04,1532,879,653,14290,9,9,10,13.78,2328,1119,1209,16618,9,9,10,7.44,0,0,0,16618,0,0,0,0.0,,,,,,,,,,,,,,,,,,,,,,,,,
cf87947c-2d15-4c46-83e8-332639600d7a,2025-08-02 13:37:06 UTC,False,17475,CFOP,Gan 12 UI Maglev,RandomForest,9655,17475,,,gan12,custom_rules,,,,8,0,0,17475,69,71,82,3.95,6744,10707,2289,0,2289,2313,7,8,9,3.06,1700,789,911,4013,6,6,6,6.59,1720,588,1132,5733,8,8,8,7.07,3618,1241,2377,9351,12,12,14,5.05,1734,992,742,11085,8,8,12,10.78,1305,628,677,12390,7,7,8,10.34,5085,2506,2579,17475,21,22,25,8.14,,,,,,,,,,,,,,,,,,,,,,,,,
c2b2e3ee-2119-4e2e-8764-f04fbc0099d9,2025-08-02 13:37:56 UTC,False,14325,CFOP,Gan 12 UI Maglev,RandomForest,27583,14325,,,gan12,custom_rules,,,,8,0,0,14325,69,69,78,4.82,6936,7389,1088,0,1088,1088,5,5,6,4.6,2079,838,1241,3167,8,8,11,6.45,2231,1434,797,5398,9,9,10,11.29,1966,1498,468,7364,8,8,9,17.09,1676,580,1096,9040,8,8,8,7.3,2280,1257,1023,11320,12,12,14,11.73,3005,1329,1676,14325,19,19,20,11.34,,,,,,,,,,,,,,,,,,,,,,,,,
a280ba60-6efd-4e40-9a87-28c266485e80,2025-08-02 13:38:30 UTC,False,16977,CFOP,Gan 12 UI Maglev,RandomForest,4759,16977,,,gan12,custom_rules,,,,8,0,0,16977,70,72,78,4.12,7269,9708,3271,0,3271,3271,8,8,9,2.45,1394,556,838,4665,6,7,8,7.16,2464,2174,290,7129,6,6,7,20.69,2256,1708,548,9385,7,7,8,12.77,1611,886,725,10996,12,12,12,16.55,3008,1010,1998,14004,12,13,14,6.01,2973,935,2038,16977,19,19,20,9.32,,,,,,,,,,,,,,,,,,,,,,,,,
e4455cda-1195-49c0-a501-05b3ef9ecf71,2025-08-02 13:39:02 UTC,False,18028,CFOP,Gan 12 UI Maglev,RandomForest,4748,18028,,,gan12,custom_rules,,,,8,0,0,18028,60,65,75,3.33,8908,9072,3859,0,3859,3907,8,8,10,2.07,3248,2684,564,7155,8,8,8,14.18,2595,1659,936,9750,9,9,9,9.62,2291,1413,878,12041,8,8,10,9.11,1628,1007,621,13669,8,8,8,12.88,2360,1152,1208,16029,10,11,12,8.28,1999,993,1006,18028,9,13,18,8.95,,,,,,,,,,,,,,,,,,,,,,,,,
3c5179bd-ca65-443f-b7b1-20f060d9f0ff,2025-08-02 13:39:54 UTC,False,15288,CFOP,Gan 12 UI Maglev,RandomForest,26594,15288,,,gan12,custom_rules,,,,8,0,0,15288,65,65,74,4.25,5119,10096,1425,0,1425,1498,6,6,7,4.21,2603,1539,1064,4101,8,8,9,7.52,2815,660,2155,6916,9,9,10,4.18,2425,806,1619,9341,11,11,13,6.79,1696,842,854,11037,10,10,11,11.71,0,0,0,11037,0,0,0,0.0,4251,1272,2979,15288,22,22,24,7.39,,,,,,,,,,,,,,,,,,,,,,,,,
3240b67b-5fd7-42d4-825b-f8bdaff228cd,2025-08-02 13:40:34 UTC,False,18354,CFOP,Gan 12 UI Maglev,RandomForest,12549,18354,,,gan12,custom_rules,,,,8,0,0,18354,70,74,89,3.81,7023,11331,4553,0,4553,4553,8,8,11,1.76,2509,1510,999,7062,9,9,11,9.01,1209,572,637,8271,8,8,9,12.56,4347,1652,2695,12618,19,19,20,7.05,1571,999,572,14189,8,8,8,13.99,2151,1321,830,16340,9,9,11,10.84,2014,969,1045,18354,9,13,19,8.61,,,,,,,,,,,,,,,,,,,,,,,,,
bf2c2746-927f-4e42-9d40-7b03d839bcc6,2025-08-02 13:41:04 UTC,False,14023,CFOP,Gan 12 UI Maglev,RandomForest,6270,14023,,,gan12,custom_rules,,,,8,0,0,14023,62,66,78,4.42,4675,9348,2457,0,2457,2457,10,10,11,4.07,2305,323,1982,4762,11,11,11,5.55,1847,137,1710,6609,9,9,9,5.26,1893,886,1007,8502,8,8,10,7.94,1723,1024,699,10225,9,9,10,12.88,1797,1281,516,12022,8,8,10,15.5,2001,1024,977,14023,8,12,17,8.19,,,,,,,,,,,,,,,,,,,,,,,,,
dfb417dc-d41d-4336-8f65-3c40debd595e,2025-08-02 13:41:47 UTC,False,15399,CFOP,Gan 12 UI Maglev,RandomForest,15261,15399,,,gan12,custom_rules,,,,8,0,0,15399,63,63,70,4.09,5090,10309,4810,0,4810,4810,16,16,17,3.33,0,0,0,4810,0,0,0,0.0,3173,627,2546,7983,10,10,11,3.93,0,0,0,7983,0,0,0,0.0,3129,2425,704,11112,10,10,12,14.2,1370,717,653,12482,8,8,9,12.25,2917,1321,1596,15399,19,19,21,11.9,,,,,,,,,,,,,,,,,,,,,,,,,
5d8f945a-0288-4e39-b8d3-6fbd4e16140b,2025-08-02 13:42:22 UTC,False,17696,CFOP,Gan 12 UI Maglev,RandomForest,6380,17696,,,gan12,custom_rules,,,,8,0,0,17696,74,77,88,4.18,6418,11278,1225,0,1225,1225,6,6,7,4.9,3110,935,2175,4335,11,12,14,5.06,1481,209,1272,5816,8,8,10,6.29,4308,1773,2535,10124,12,12,15,4.73,1355,830,525,11479,8,8,9,15.24,2465,1119,1346,13944,13,13,13,9.66,3752,1552,2200,17696,16,18,20,7.27,,,,,,,,,,,,,,,,,,,,,,,,,
c04376eb-7191-4f95-add1-ef66828d1e94,2025-08-02 13:43:03 UTC,False,14668,CFOP,Gan 12 UI Maglev,RandomForest,15303,14668,,,gan12,custom_rules,,,,8,0,0,14668,61,64,73,4.16,5182,9397,2159,0,2159,2248,6,6,9,2.78,0,0,0,2248,0,0,0,0.0,2288,1305,983,4536,8,8,9,8.14,1960,662,1298,6496,8,8,9,6.16,1547,524,1023,8043,8,8,9,7.82,3031,1152,1879,11074,15,16,16,7.98,3594,1539,2055,14668,16,18,21,7.79,,,,,,,,,,,,,,,,,,,,,,,,,
41897405-73b9-4db0-b75d-cd799c3fc2e1,2025-08-02 13:43:35 UTC,False,13495,CFOP,Gan 12 UI Maglev,RandomForest,11113,13495,,,gan12,custom_rules,,,,8,0,0,13495,70,70,76,5.19,5228,8210,1233,0,1233,1290,7,7,8,5.68,2022,209,1813,3312,11,11,12,6.07,2022,1209,813,5334,10,10,11,12.3,1337,1201,136,6671,3,3,3,22.06,1813,765,1048,8484,7,7,7,6.68,1732,733,999,10216,13,13,13,13.01,3279,1111,2168,13495,20,20,22,9.23,,,,,,,,,,,,,,,,,,,,,,,,,
573e1669-0d48-4796-9f9e-f9dd5f5e66b4,2025-08-02 13:44:02 UTC,False,13753,CFOP,Gan 12 UI Maglev,RandomForest,3870,13753,,,gan12,custom_rules,,,,8,0,0,13753,56,61,79,4.07,5563,8190,1337,0,1337,1337,6,6,10,4.49,2256,959,1297,3593,9,9,11,6.94,1063,435,628,4656,6,6,7,9.55,1495,1285,210,6151,4,4,4,19.05,1346,516,830,7497,8,8,10,9.64,3122,733,2389,10619,12,12,12,5.02,3134,1635,1499,13753,11,16,25,7.34,,,,,,,,,,,,,,,,,,,,,,,,,
b0c2a08d-6ae6-49a9-b339-e7460e0b82e9,2025-08-02 13:44:46 UTC,False,25137,CFOP,Gan 12 UI Maglev,RandomForest,4082,25137,,,gan12,custom_rules,,,,8,0,0,25137,112,112,122,4.46,5043,20094,2047,0,2047,2047,6,6,7,2.93,2610,684,1926,4657,9,9,9,4.67,4103,389,3714,8760,15,15,17,4.04,959,629,330,9719,4,4,4,12.12,1656,1246,410,11375,9,9,10,21.95,1137,613,524,12512,9,9,9,17.18,12625,1482,11143,25137,60,60,66,5.38,,,,,,,,,,,,,,,,,,,,,,,,,
1d45d0bd-e89a-4d08-8415-6f50098568a3,2025-08-02 13:46:18 UTC,False,18426,CFOP,Gan 12 UI Maglev,RandomForest,7312,18426,,,gan12,custom_rules,,,,8,0,0,18426,78,78,87,4.23,7552,10809,1604,0,1604,1669,7,7,8,4.36,1281,790,491,2950,6,6,7,12.22,1596,733,863,4546,8,8,9,9.27,3352,1249,2103,7898,11,11,13,5.23,3251,2396,855,11149,10,10,12,11.7,4449,1458,2991,15598,20,20,21,6.69,2828,926,1902,18426,16,16,17,8.41,,,,,,,,,,,,,,,,,,,,,,,,,
8540455f-1808-496e-a3e1-91dc733c7cbc,2025-08-02 13:47:53 UTC,False,21572,CFOP,Gan 12 UI Maglev,RandomForest,12855,21572,,,gan12,custom_rules,,,,8,0,0,21572,72,75,82,3.34,8036,13536,2473,0,2473,2473,6,6,7,2.43,3392,1088,2304,5865,14,14,15,6.08,3997,1361,2636,9862,9,10,11,3.41,1342,709,633,11204,8,8,10,12.64,4037,2074,1963,15241,9,9,9,4.58,2474,1096,1378,17715,10,10,10,7.26,3857,1708,2149,21572,16,18,20,7.45,,,,,,,,,,,,,,,,,,,,,,,,,
25c8d83c-5fd7-456c-9fdf-0028d74f82c6,2025-08-02 13:48:35 UTC,False,15417,CFOP,Gan 12 UI Maglev,RandomForest,4331,15417,,,gan12,custom_rules,,,,8,0,0,15417,65,67,72,4.22,5824,9593,1581,0,1581,1581,7,7,7,4.43,3353,1258,2095,4934,7,7,8,3.34,1569,692,877,6503,9,10,10,10.26,1483,564,919,7986,8,8,8,8.71,1426,515,911,9412,8,8,8,8.78,2484,910,1574,11896,13,13,14,8.26,3521,1885,1636,15417,14,15,17,8.56,,,,,,,,,,,,,,,,,,,,,,,,,
5ac29b6c-005d-4081-8dff-85f9d67de868,2025-08-02 13:49:33 UTC,False,13870,CFOP,Gan 12 UI Maglev,RandomForest,31460,13870,,,gan12,custom_rules,,,,8,0,0,13870,62,63,70,4.47,5050,8714,3302,0,3302,3408,12,12,15,3.63,0,0,0,3408,0,0,0,0.0,1931,1048,883,5339,6,6,7,6.8,2619,1555,1064,7958,7,7,8,6.58,1805,782,1023,9763,9,9,11,8.8,1819,795,1024,11582,10,11,11,9.77,2288,870,1418,13870,18,18,18,12.69,,,,,,,,,,,,,,,,,,,,,,,,,
426ef9d0-7d63-4744-abf9-3d52451e9ad3,2025-08-02 13:50:15 UTC,False,17534,CFOP,Gan 12 UI Maglev,RandomForest,8114,17534,,,gan12,custom_rules,,,,8,0,0,17534,55,57,71,3.14,9041,8299,2635,0,2635,2829,6,7,9,2.28,1934,1668,266,4763,5,5,6,18.8,3206,2224,982,7969,9,9,11,9.16,532,355,177,8501,3,3,3,16.95,2526,1845,681,11027,8,8,9,11.75,2619,1217,1402,13646,10,10,13,7.13,3888,1732,2156,17534,15,16,20,6.96,,,,,,,,,,,,,,,,,,,,,,,,,
c01114a9-6a7c-461d-9c3a-9639c8055b3d,2025-08-02 13:50:51 UTC,False,19117,CFOP,Gan 12 UI Maglev,RandomForest,4459,19117,,,gan12,custom_rules,,,,8,0,0,19117,70,71,77,3.66,8184,10933,3940,0,3940,3940,11,11,13,2.79,3685,1253,2432,7625,9,9,10,3.7,1080,806,274,8705,3,3,3,10.95,2744,2236,508,11449,9,9,9,17.72,1950,1177,773,13399,8,8,9,10.35,2369,1394,975,15768,10,11,13,10.26,3349,1318,2031,19117,20,20,20,9.85,,,,,,,,,,,,,,,,,,,,,,,,,
607f1328-9a63-444d-8771-66a18b473a94,2025-08-02 13:51:26 UTC,False,20927,CFOP,Gan 12 UI Maglev,RandomForest,3974,20927,,,gan12,custom_rules,,,,8,0,0,20927,81,83,93,3.87,5683,15180,758,0,758,822,4,4,6,5.28,8363,1241,7122,9185,22,22,25,3.09,1681,660,1021,10866,7,7,7,6.86,2835,902,1933,13701,10,10,11,5.17,1581,185,1396,15282,11,11,11,7.88,2800,1293,1507,18082,14,15,15,9.29,2845,1402,1443,20927,14,15,18,9.7,,,,,,,,,,,,,,,,,,,,,,,,,
381baf46-c83c-4b15-9423-b6a8a68d0494,2025-08-02 13:54:27 UTC,False,17459,CFOP,Gan 12 UI Maglev,RandomForest,21335,17459,,,gan12,custom_rules,,,,8,0,0,17459,60,61,71,3.44,7527,9932,2079,0,2079,2079,7,7,9,3.37,4233,2361,1872,6312,5,5,6,2.67,1950,1733,217,8262,4,4,5,18.43,2772,129,2643,11034,11,11,14,4.16,1152,967,185,12186,4,4,4,21.62,2353,951,1402,14539,14,14,14,9.99,2920,1386,1534,17459,16,17,19,10.43,,,,,,,,,,,,,,,,,,,,,,,,,
a20d018d-9420-4891-9bae-a4916df6ad89,2025-08-02 13:56:13 UTC,False,14045,CFOP,Gan 12 UI Maglev,RandomForest,16726,14045,,,gan12,custom_rules,,,,8,0,0,14045,58,60,70,4.13,6289,7692,1515,0,1515,1579,5,5,8,3.3,2087,1306,781,3666,8,8,9,10.24,2359,1184,1175,6025,7,7,7,5.96,1321,556,765,7346,7,7,8,9.15,2336,1160,1176,9682,8,8,8,6.8,1713,1020,693,11395,10,11,13,14.43,2650,1063,1587,14045,14,15,17,8.82,,,,,,,,,,,,,,,,,,,,,,,,,
70407916-1979-4f97-9ca9-cc666402512d,2025-08-02 13:57:49 UTC,False,24821,CFOP,Gan 12 UI Maglev,RandomForest,31174,24821,,,gan12,custom_rules,,,,8,0,0,24821,82,83,91,3.3,6925,17896,9526,0,9526,9526,19,19,23,1.99,0,0,0,9526,0,0,0,0.0,4717,1616,3101,14243,16,16,19,5.16,2422,958,1464,16665,10,11,12,6.83,2183,1345,838,18848,12,12,12,14.32,2356,1515,841,21204,8,8,8,9.51,3617,1491,2126,24821,17,17,17,8.0,,,,,,,,,,,,,,,,,,,,,,,,,
f343518c-d47a-4b83-85b3-565541af611f,2025-08-02 13:58:45 UTC,False,23911,CFOP,Gan 12 UI Maglev,RandomForest,13509,23911,,,gan12,custom_rules,,,,8,0,0,23911,78,79,91,3.26,7267,16644,11363,0,11363,11363,31,31,36,2.73,0,0,0,11363,0,0,0,0.0,0,0,0,11363,0,0,0,0.0,3022,1474,1548,14385,9,9,9,5.81,2625,2118,507,17010,9,9,12,17.75,2636,1741,895,19646,11,11,11,12.29,4265,1934,2331,23911,18,19,23,7.72,,,,,,,,,,,,,,,,,,,,,,,,,
02ae0614-65be-4c6d-af41-d8f10ae131de,2025-08-02 13:59:57 UTC,False,32064,CFOP,Gan 12 UI Maglev,RandomForest,16484,32064,,,blue ,custom_rules,,,,8,0,0,32064,78,84,96,2.43,14640,17375,2852,0,2852,2901,13,14,15,4.56,5449,1934,3515,8350,10,10,12,2.84,6611,5016,1595,14961,7,7,8,4.39,7333,2377,4956,22294,15,15,16,3.03,3635,2975,660,25929,8,8,9,12.12,2610,847,1763,28539,13,13,16,7.37,3525,1491,2034,32064,12,17,20,5.9,,,,,,,,,,,,,,,,,,,,,,,,,
